"","user","source_message_timestamp","channel"
"1","U01D3MR3E4T","1603352416.012400","0_announcements-read-only"
"2","U01D3MSU9HR","1603352472.012600","0_announcements-read-only"
"3","U01CWPSRRFY","1603352649.012800","0_announcements-read-only"
"4","U01D3FWKESW","1603352679.013000","0_announcements-read-only"
"5","U01DTCMB9CY","1603353936.013200","0_announcements-read-only"
"6","U01D3Q06135","1603354575.013400","0_announcements-read-only"
"7","U01CK0PV0KH","1603230165.001000","0_faq"
"8","U01CT0ZAS2J","1603259823.002000","0_faq"
"9","U01DCBKSX3K","1603263113.002100","0_faq"
"10","U01DPHUPUM6","1603269897.002200","0_faq"
"11","U01CZUK9REX","1603282191.002300","0_faq"
"12","U01CZNGBYBU","1603290811.002400","0_faq"
"13","U01D0BAHR7X","1603350573.002600","0_faq"
"14","U01D9K9KE3W","1603351251.002800","0_faq"
"15","U01DTA67SU8","1603351573.003000","0_faq"
"16","U01D3MR3E4T","1603352417.003200","0_faq"
"17","U01D3MSU9HR","1603352473.003400","0_faq"
"18","U01CWPSRRFY","1603352650.003600","0_faq"
"19","U01D3FWKESW","1603352679.003800","0_faq"
"20","U01DTCMB9CY","1603353937.004000","0_faq"
"21","U01D3Q06135","1603354576.004200","0_faq"
"22","U01DPHUPUM6","1603269897.002600","0_know-your-mentors"
"23","U01CZUK9REX","1603282191.002700","0_know-your-mentors"
"24","U01CZNGBYBU","1603290811.002800","0_know-your-mentors"
"25","U01D3MR3E4T","1603354062.008500","0_know-your-mentors"
"26","U01DTHU50RE","1603358756.008700","0_know-your-mentors"
"27","U01D0LHNDQV","1603359363.008900","0_know-your-mentors"
"28","U01DGEXNXSM","1603361983.009100","0_know-your-mentors"
"29","U01CP48A8NT","1603362185.009300","0_know-your-mentors"
"30","U01D45T9LUB","1603365478.009500","0_know-your-mentors"
"31","U01D0T9DUKF","1603366292.009700","0_know-your-mentors"
"32","U01D19UEZPX","1603375707.009900","0_know-your-mentors"
"33","U01DB341212","1603385294.010100","0_know-your-mentors"
"34","U01CRKKRPAS","1603232187.000200","0_team-info"
"35","U01CK0PV0KH","1603232190.000600","0_team-info"
"36","U01CT0ZAS2J","1603259823.001700","0_team-info"
"37","U01DCBKSX3K","1603263113.001800","0_team-info"
"38","U01DPHUPUM6","1603269897.001900","0_team-info"
"39","U01CZUK9REX","1603282191.002000","0_team-info"
"40","U01CZNGBYBU","1603290811.002100","0_team-info"
"41","U01D0BAHR7X","1603350573.002300","0_team-info"
"42","U01D9K9KE3W","1603351251.002500","0_team-info"
"43","U01DTA67SU8","1603351572.002700","0_team-info"
"44","U01D3MR3E4T","1603352416.002900","0_team-info"
"45","U01D3MSU9HR","1603352472.003100","0_team-info"
"46","U01CWPSRRFY","1603352649.003300","0_team-info"
"47","U01D3FWKESW","1603352679.003500","0_team-info"
"48","U01DTCMB9CY","1603353936.003700","0_team-info"
"49","U01D3Q06135","1603354575.003900","0_team-info"
"50","U01CK0PV0KH","1603230194.000800","0_useful-tools-resources"
"51","U01CT0ZAS2J","1603259823.001800","0_useful-tools-resources"
"52","U01DCBKSX3K","1603263113.001900","0_useful-tools-resources"
"53","U01DPHUPUM6","1603269897.002000","0_useful-tools-resources"
"54","U01CZUK9REX","1603282191.002100","0_useful-tools-resources"
"55","U01CZNGBYBU","1603290811.002200","0_useful-tools-resources"
"56","U01D0BAHR7X","1603350573.002400","0_useful-tools-resources"
"57","U01D9K9KE3W","1603351251.002600","0_useful-tools-resources"
"58","U01DTA67SU8","1603351572.002800","0_useful-tools-resources"
"59","U01D3MR3E4T","1603352416.003000","0_useful-tools-resources"
"60","U01D3MSU9HR","1603352473.003200","0_useful-tools-resources"
"61","U01CWPSRRFY","1603352650.003400","0_useful-tools-resources"
"62","U01D3FWKESW","1603352679.003600","0_useful-tools-resources"
"63","U01DTCMB9CY","1603353936.003800","0_useful-tools-resources"
"64","U01D3Q06135","1603354575.004000","0_useful-tools-resources"
"65","U01CRKKRPAS","1603262579.000200","0_zoom-links"
"66","U01DPHUPUM6","1603269897.000600","0_zoom-links"
"67","U01CZNGBYBU","1603290811.000700","0_zoom-links"
"68","U01D3MR3E4T","1603354060.001400","0_zoom-links"
"69","U01DTHU50RE","1603358756.001600","0_zoom-links"
"70","U01D0LHNDQV","1603359362.001800","0_zoom-links"
"71","U01DGEXNXSM","1603361983.002000","0_zoom-links"
"72","U01CP48A8NT","1603362185.002200","0_zoom-links"
"73","U01D45T9LUB","1603365478.002400","0_zoom-links"
"74","U01D0T9DUKF","1603366292.002600","0_zoom-links"
"75","U01D19UEZPX","1603375706.000200","0_zoom-links"
"76","U01DB341212","1603385294.000200","0_zoom-links"
"77","U01D2ER0VFF","1603399337.000200","0_zoom-links"
"78","U01D5Q8FS74","1603406012.000200","0_zoom-links"
"79","U01DCFTH0PN","1603433994.000200","0_zoom-links"
"80","U01DCMNTPHS","1603440973.000200","0_zoom-links"
"81","U01CZRPQLJJ","1603441842.000400","0_zoom-links"
"82","U01DDFNJ93N","1603463075.000200","0_zoom-links"
"83","U01D0V6J17Y","1603470086.000400","0_zoom-links"
"84","U01DXJALY9E","1603471314.000600","0_zoom-links"
"85","U01CRKKRPAS","1603229535.000200","ask-a-mentor"
"86","U01CK0PV0KH","1603230155.000600","ask-a-mentor"
"87","U01CT0ZAS2J","1603259823.001600","ask-a-mentor"
"88","U01DCBKSX3K","1603263113.001700","ask-a-mentor"
"89","U01DPHUPUM6","1603269897.001800","ask-a-mentor"
"90","U01CZUK9REX","1603282191.001900","ask-a-mentor"
"91","U01CZNGBYBU","1603290811.002000","ask-a-mentor"
"92","U01D0BAHR7X","1603350573.002200","ask-a-mentor"
"93","U01D9K9KE3W","1603351251.002400","ask-a-mentor"
"94","U01DTA67SU8","1603351572.002600","ask-a-mentor"
"95","U01D3MR3E4T","1603352416.002800","ask-a-mentor"
"96","U01D3MSU9HR","1603352472.003000","ask-a-mentor"
"97","U01CWPSRRFY","1603352650.003200","ask-a-mentor"
"98","U01D3FWKESW","1603352679.003400","ask-a-mentor"
"99","U01DTCMB9CY","1603353936.003600","ask-a-mentor"
"100","U01D3Q06135","1603354575.003800","ask-a-mentor"
"101","U01CRKKRPAS","1603262247.000200","ask-team-o17"
"102","U01CK0PV0KH","1603262252.000600","ask-team-o17"
"103","U01CT0ZAS2J","1603262252.000800","ask-team-o17"
"104","U01DCBKSX3K","1603263113.001800","ask-team-o17"
"105","U01DPHUPUM6","1603269897.001900","ask-team-o17"
"106","U01CZUK9REX","1603282191.002000","ask-team-o17"
"107","U01CZNGBYBU","1603290811.002100","ask-team-o17"
"108","U01D0BAHR7X","1603350573.002300","ask-team-o17"
"109","U01D9K9KE3W","1603351251.002500","ask-team-o17"
"110","U01DTA67SU8","1603351572.002700","ask-team-o17"
"111","U01D3MR3E4T","1603352416.002900","ask-team-o17"
"112","U01D3MSU9HR","1603352472.003100","ask-team-o17"
"113","U01CWPSRRFY","1603352649.003300","ask-team-o17"
"114","U01D3FWKESW","1603352679.003500","ask-team-o17"
"115","U01DTCMB9CY","1603353936.003700","ask-team-o17"
"116","U01D3Q06135","1603354575.003900","ask-team-o17"
"117","U01CRKKRPAS","1603361692.000200","crowdsourcing-citizenscience"
"118","U01DCBKSX3K","1603362991.003900","crowdsourcing-citizenscience"
"119","U01CZUK9REX","1603362991.004200","crowdsourcing-citizenscience"
"120","U01D0H609K7","1603364061.004400","crowdsourcing-citizenscience"
"121","U01DTCMB9CY","1603392388.000200","crowdsourcing-citizenscience"
"122","U01D0V6J17Y","1603477530.000200","crowdsourcing-citizenscience"
"123","U01DDFNJ93N","1603486627.000400","crowdsourcing-citizenscience"
"124","U01DB341212","1603550221.000200","crowdsourcing-citizenscience"
"125","U01CP48A8NT","1603796562.000200","crowdsourcing-citizenscience"
"126","U01ECRPS1S4","1604047592.000200","crowdsourcing-citizenscience"
"127","U01DTHU50RE","1604054274.001800","crowdsourcing-citizenscience"
"128","U01D19UEZPX","1604056449.002000","crowdsourcing-citizenscience"
"129","U01DYP4PB7A","1604079632.002200","crowdsourcing-citizenscience"
"130","U01DXJALY9E","1604099757.002400","crowdsourcing-citizenscience"
"131","U01DCFTH0PN","1604167044.000200","crowdsourcing-citizenscience"
"132","U01D3MR3E4T","1604240956.000200","crowdsourcing-citizenscience"
"133","U01E3TPUC68","1604492808.000200","crowdsourcing-citizenscience"
"134","U01D85RH0RL","1604496741.000400","crowdsourcing-citizenscience"
"135","U01E3DKE5QD","1605162671.000200","crowdsourcing-citizenscience"
"136","U01CRKKRPAS","1603363167.000200","datascience"
"137","U01CZUK9REX","1603363188.000500","datascience"
"138","U01D0LHNDQV","1603363189.000700","datascience"
"139","U01D0H609K7","1603364082.001000","datascience"
"140","U01DTHU50RE","1603376204.000200","datascience"
"141","U01D9K9KE3W","1603377901.000200","datascience"
"142","U01D0V6J17Y","1603477371.000200","datascience"
"143","U01DDFNJ93N","1603486713.000400","datascience"
"144","U01DB341212","1603550348.000200","datascience"
"145","U01DTCMB9CY","1603558071.000400","datascience"
"146","U01DDMRQWMQ","1603875212.000200","datascience"
"147","U01DCFTH0PN","1604167046.000200","datascience"
"148","U01D3MR3E4T","1604240962.000400","datascience"
"149","U01E3TPUC68","1604492806.000200","datascience"
"150","U01D85RH0RL","1604496742.000400","datascience"
"151","U01E3DKE5QD","1605612022.000200","datascience"
"152","U01CRKKRPAS","1603200746.000200","introductions"
"153","U01CK0PV0KH","1603230057.001500","introductions"
"154","U01CT0ZAS2J","1603259823.002100","introductions"
"155","U01DCBKSX3K","1603263112.002200","introductions"
"156","U01DPHUPUM6","1603269897.002300","introductions"
"157","U01CZUK9REX","1603282191.002400","introductions"
"158","U01CZNGBYBU","1603290811.002500","introductions"
"159","U01D0BAHR7X","1603350573.002700","introductions"
"160","U01D9K9KE3W","1603351250.005800","introductions"
"161","U01DTA67SU8","1603351572.006000","introductions"
"162","U01D3MR3E4T","1603352416.006200","introductions"
"163","U01D3MSU9HR","1603352472.006400","introductions"
"164","U01CWPSRRFY","1603352649.006600","introductions"
"165","U01D3FWKESW","1603352679.006800","introductions"
"166","U01DTCMB9CY","1603353936.007000","introductions"
"167","U01D3Q06135","1603354575.007200","introductions"
"168","U01CRKKRPAS","1603200747.000200","random"
"169","U01CK0PV0KH","1603230057.001400","random"
"170","U01CT0ZAS2J","1603259823.001600","random"
"171","U01DCBKSX3K","1603263113.001700","random"
"172","U01DPHUPUM6","1603269897.001800","random"
"173","U01CZUK9REX","1603282191.001900","random"
"174","U01CZNGBYBU","1603290811.002000","random"
"175","U01D0BAHR7X","1603350573.002200","random"
"176","U01D9K9KE3W","1603351251.002400","random"
"177","U01DTA67SU8","1603351573.002600","random"
"178","U01D3MR3E4T","1603352417.002800","random"
"179","U01D3MSU9HR","1603352473.003000","random"
"180","U01CWPSRRFY","1603352650.003200","random"
"181","U01D3FWKESW","1603352679.003400","random"
"182","U01DTCMB9CY","1603353937.003600","random"
"183","U01D3Q06135","1603354576.003800","random"
"184","U01CRKKRPAS","1603261999.000200","sdginprogress-troubleshoot"
"185","U01CK0PV0KH","1603262009.000400","sdginprogress-troubleshoot"
"186","U01CT0ZAS2J","1603262009.000600","sdginprogress-troubleshoot"
"187","U01DCBKSX3K","1603263113.001500","sdginprogress-troubleshoot"
"188","U01DPHUPUM6","1603269897.001600","sdginprogress-troubleshoot"
"189","U01CZUK9REX","1603282191.001700","sdginprogress-troubleshoot"
"190","U01CZNGBYBU","1603290811.001800","sdginprogress-troubleshoot"
"191","U01D3MR3E4T","1603354054.002000","sdginprogress-troubleshoot"
"192","U01D45T9LUB","1603376878.000200","sdginprogress-troubleshoot"
"193","U01D9K9KE3W","1603678825.000200","sdginprogress-troubleshoot"
"194","U01CP48A8NT","1603705153.000200","sdginprogress-troubleshoot"
"195","U01DDMRQWMQ","1603875202.000200","sdginprogress-troubleshoot"
"196","U01D0V6J17Y","1603912300.000500","sdginprogress-troubleshoot"
"197","U01DCFTH0PN","1604167050.000200","sdginprogress-troubleshoot"
"198","U01DGEXNXSM","1604232180.000800","sdginprogress-troubleshoot"
"199","U01DAU73TS7","1604274285.001000","sdginprogress-troubleshoot"
"200","U01D0BAHR7X","1603350573.003400","step1-team-formation"
"201","U01D9K9KE3W","1603351251.003600","step1-team-formation"
"202","U01DTA67SU8","1603351572.003800","step1-team-formation"
"203","U01D3MR3E4T","1603352416.004000","step1-team-formation"
"204","U01D3MSU9HR","1603352472.004200","step1-team-formation"
"205","U01CWPSRRFY","1603352649.004400","step1-team-formation"
"206","U01D3FWKESW","1603352679.004600","step1-team-formation"
"207","U01DTCMB9CY","1603353936.004800","step1-team-formation"
"208","U01D3Q06135","1603354575.005000","step1-team-formation"
"209","U01DCFTH0PN","1603773356.000200","team_ecolution"
"210","U01D2ER0VFF","1603773386.000500","team_ecolution"
"211","U01D19UEZPX","1603773386.000700","team_ecolution"
"212","U01CRKKRPAS","1603786568.000200","team_ecolution"
"213","U01DCBKSX3K","1604187949.000300","team_ecolution"
"214","U01DWMPAEMA","1604487461.000200","team_ecolution"
"215","U01CZUK9REX","1604916990.000200","team_ecolution"
"216","U01DGEXNXSM","1603385652.000200","team-aquatics"
"217","U01D0H609K7","1603385676.000400","team-aquatics"
"218","U01DB341212","1603385676.000600","team-aquatics"
"219","U01DCBKSX3K","1604188004.000200","team-aquatics"
"220","U01D0BAHR7X","1603870566.000200","team-collaborativewatermonitoring"
"221","U01D5Q8FS74","1603870586.000400","team-collaborativewatermonitoring"
"222","U01DB9MEHTP","1603870586.000600","team-collaborativewatermonitoring"
"223","U01D80MDYG2","1603870586.000800","team-collaborativewatermonitoring"
"224","U01CRKKRPAS","1603870765.001000","team-collaborativewatermonitoring"
"225","U01ECRPS1S4","1604188026.000200","team-collaborativewatermonitoring"
"226","U01DPHUPUM6","1604490212.000200","team-collaborativewatermonitoring"
"227","U01CT0ZAS2J","1605700463.004500","team-collaborativewatermonitoring"
"228","U01DDMRQWMQ","1603795464.000200","team-dailywater"
"229","U01D3MR3E4T","1603795566.000500","team-dailywater"
"230","U01D3Q06135","1603795755.000700","team-dailywater"
"231","U01CRKKRPAS","1603814436.000200","team-dailywater"
"232","U01DPHUPUM6","1604188064.000500","team-dailywater"
"233","U01DTCMB9CY","1603550423.000200","team-fews"
"234","U01DTHU50RE","1603550597.000500","team-fews"
"235","U01D3MR3E4T","1603682505.000200","team-fews"
"236","U01CZNGBYBU","1604154044.000200","team-fews"
"237","U01CZUK9REX","1604188081.000400","team-fews"
"238","U01CRKKRPAS","1604311346.000200","team-filsteiner"
"239","U01DQQD64TT","1604311352.000400","team-filsteiner"
"240","U01DPHUPUM6","1604565082.000200","team-filsteiner"
"241","U01D0V6J17Y","1603756001.000200","team-floodfinder"
"242","U01D9QMSWDB","1603756343.000400","team-floodfinder"
"243","U01CRKKRPAS","1603786545.000200","team-floodfinder"
"244","U01CZUK9REX","1604188132.002000","team-floodfinder"
"245","U01D5U28EMB","1603816433.000200","team-garudasavior"
"246","U01DAU73TS7","1603816449.000500","team-garudasavior"
"247","U01DHD3GAR2","1603816449.000700","team-garudasavior"
"248","U01CRKKRPAS","1603816748.000900","team-garudasavior"
"249","U01D85RH0RL","1603817594.001100","team-garudasavior"
"250","U01DCBKSX3K","1604188192.000200","team-garudasavior"
"251","U01D3MSU9HR","1603961467.000200","team-mnl"
"252","U01CP48A8NT","1603961513.000600","team-mnl"
"253","U01CRKKRPAS","1604051789.000200","team-mnl"
"254","U01CT0ZAS2J","1604188208.000200","team-mnl"
"255","U01DPHUPUM6","1605102246.014200","team-mnl"
"256","U01D0LHNDQV","1604160949.000200","team-potamoi"
"257","U01CT0ZAS2J","1604185481.000200","team-potamoi"
"258","U01CRKKRPAS","1604187086.000200","team-potamoi"
"259","U01CZUK9REX","1604188223.000400","team-potamoi"
"260","U01DPHUPUM6","1604917538.001500","team-potamoi"
"261","U01D8CCQWCA","1603562149.000200","team-rainwater-collection"
"262","U01DDFNJ93N","1603562185.000400","team-rainwater-collection"
"263","U01CRKKRPAS","1603618490.000200","team-rainwater-collection"
"264","U01DWMPAEMA","1604188246.000200","team-rainwater-collection"
"265","U01DCMNTPHS","1603795627.000200","team-rainwaterharvesting"
"266","U01CZRPQLJJ","1603795638.000500","team-rainwaterharvesting"
"267","U01CRKKRPAS","1603814459.000700","team-rainwaterharvesting"
"268","U01ECRPS1S4","1604188260.000200","team-rainwaterharvesting"
"269","U01DYP4PB7A","1603820704.000200","team-safeskye"
"270","U01CXLVJMRD","1603820724.000400","team-safeskye"
"271","U01CRKKRPAS","1603820843.001200","team-safeskye"
"272","U01DW7PF3PW","1604188274.000200","team-safeskye"
"273","U01D397D5DL","1603742975.000200","team-safewaterforhomeless"
"274","U01DNKXRKL1","1603743000.000400","team-safewaterforhomeless"
"275","U01DNKXRKL1","1603743000.000600","team-safewaterforhomeless"
"276","U01DNKZV8LR","1603743000.000800","team-safewaterforhomeless"
"277","U01CP48A8NT","1603743000.001000","team-safewaterforhomeless"
"278","U01CRKKRPAS","1603789130.000200","team-safewaterforhomeless"
"279","U01DW7PF3PW","1604188325.000200","team-safewaterforhomeless"
"280","U01CZNGBYBU","1604188325.000400","team-safewaterforhomeless"
"281","U01DPHUPUM6","1604937282.000200","team-safewaterforhomeless"
"282","U01DW7ULJC9","1604343988.000200","team-thousand-waters"
"283","U01CT0ZAS2J","1604345959.000800","team-thousand-waters"
"284","U01ECRPS1S4","1604346526.001600","team-thousand-waters"
"285","U01CRKKRPAS","1604349584.002900","team-thousand-waters"
"286","U01E3TPUC68","1604423470.005800","team-thousand-waters"
"287","U01DPHUPUM6","1604917154.000200","team-thousand-waters"
"288","U01D9K9KE3W","1603601228.000200","team-toseetocare"
"289","U01DTA67SU8","1603601236.000500","team-toseetocare"
"290","U01CRKKRPAS","1603601381.000700","team-toseetocare"
"291","U01DPHUPUM6","1604188348.000200","team-toseetocare"
"292","U01D45T9LUB","1603528719.000200","team-wotter"
"293","U01D0T9DUKF","1603528930.000600","team-wotter"
"294","U01DDFNJ93N","1603566666.000500","team-wotter"
"295","U01CP48A8NT","1603702942.000200","team-wotter"
"296","U01CZNGBYBU","1604154057.000200","team-wotter"
"297","U01DW7PF3PW","1605103931.000800","team-wotter"
"298","U01DWMPAEMA","1605254594.000200","team-wotter"
"299","U01DXJALY9E","1603748996.000200","teamfloodmaps"
"300","U01CRKKRPAS","1603786520.000200","teamfloodmaps"
"301","U01DPHUPUM6","1604188401.000400","teamfloodmaps"
"302","U01DW7PF3PW","1604500036.004300","teamfloodmaps"
"303","U01DBV0QWTX","1604604613.000200","warbon-footprint"
"304","U01CT0ZAS2J","1604604736.000400","warbon-footprint"
"305","U01CRKKRPAS","1604643770.001200","warbon-footprint"
"306","U01E6NCJUJF","1604669084.006300","warbon-footprint"
"307","U01E3DKE5QD","1605085136.000300","warbon-footprint"
"308","U01D9NTEZQU","1605105179.002900","warbon-footprint"
