"","source_message_from","source_message_timestamp","message_size","channel"
"1","U01CRKKRPAS","1603350852.009100",350,"0_announcements-read-only"
"2","U01CRKKRPAS","1603351858.011400",2072,"0_announcements-read-only"
"3","U01CRKKRPAS","1603352271.012200",738,"0_announcements-read-only"
"4","U01CRKKRPAS","1603361577.014900",749,"0_announcements-read-only"
"5","U01CRKKRPAS","1603431853.003500",469,"0_announcements-read-only"
"6","U01CRKKRPAS","1603557184.007400",1122,"0_announcements-read-only"
"7","U01D8CCQWCA","1603562453.007700",9,"0_announcements-read-only"
"8","U01CRKKRPAS","1603724350.000800",469,"0_announcements-read-only"
"9","U01DPHUPUM6","1603737658.004200",3796,"0_announcements-read-only"
"10","U01CRKKRPAS","1603883167.002700",103,"0_announcements-read-only"
"11","U01DYP4PB7A","1603886734.004700",86,"0_announcements-read-only"
"12","U01CRKKRPAS","1603894845.004800",225,"0_announcements-read-only"
"13","U01DYP4PB7A","1603894959.005000",27,"0_announcements-read-only"
"14","U01CRKKRPAS","1603895122.005200",33,"0_announcements-read-only"
"15","U01DPHUPUM6","1603915575.007500",2890,"0_announcements-read-only"
"16","U01DTCMB9CY","1603916860.010000",67,"0_announcements-read-only"
"17","U01DPHUPUM6","1603965498.010400",56,"0_announcements-read-only"
"18","U01CRKKRPAS","1604047963.014500",314,"0_announcements-read-only"
"19","U01DB341212","1604054237.015200",31,"0_announcements-read-only"
"20","U01CRKKRPAS","1604226812.005800",584,"0_announcements-read-only"
"21","U01D45T9LUB","1604227804.006300",20,"0_announcements-read-only"
"22","U01D45T9LUB","1604228034.006900",101,"0_announcements-read-only"
"23","U01CRKKRPAS","1604228455.007000",48,"0_announcements-read-only"
"24","U01D45T9LUB","1604229141.007200",176,"0_announcements-read-only"
"25","U01CRKKRPAS","1604230227.008800",204,"0_announcements-read-only"
"26","U01CRKKRPAS","1604311507.012500",201,"0_announcements-read-only"
"27","U01DPHUPUM6","1604345459.013400",2585,"0_announcements-read-only"
"28","U01CRKKRPAS","1604485422.023300",1015,"0_announcements-read-only"
"29","U01CRKKRPAS","1604486599.025400",226,"0_announcements-read-only"
"30","U01DPHUPUM6","1604490669.026800",237,"0_announcements-read-only"
"31","U01CRKKRPAS","1604499112.029100",215,"0_announcements-read-only"
"32","U01DYP4PB7A","1604499146.029300",4,"0_announcements-read-only"
"33","U01CRKKRPAS","1604499791.032600",315,"0_announcements-read-only"
"34","U01DPHUPUM6","1604564937.033400",3490,"0_announcements-read-only"
"35","U01DPHUPUM6","1605006485.002000",2357,"0_announcements-read-only"
"36","U01CRKKRPAS","1605090899.003900",732,"0_announcements-read-only"
"37","U01CRKKRPAS","1605104278.004400",40,"0_announcements-read-only"
"38","U01DPHUPUM6","1605201469.006100",4076,"0_announcements-read-only"
"39","U01CRKKRPAS","1605213049.013000",547,"0_announcements-read-only"
"40","U01CRKKRPAS","1605274689.015300",125,"0_announcements-read-only"
"41","U01DPHUPUM6","1605287028.019500",1609,"0_announcements-read-only"
"42","U01CRKKRPAS","1605520678.002300",217,"0_announcements-read-only"
"43","U01CRKKRPAS","1605526694.004200",125,"0_announcements-read-only"
"44","U01DPHUPUM6","1605564165.005300",3097,"0_announcements-read-only"
"45","U01CZNGBYBU","1605694644.008000",1372,"0_announcements-read-only"
"46","U01DW7ULJC9","1605694762.008200",51,"0_announcements-read-only"
"47","U01CRKKRPAS","1605694836.009000",103,"0_announcements-read-only"
"48","U01CRKKRPAS","1605694864.009300",97,"0_announcements-read-only"
"49","U01DW7ULJC9","1605696795.010000",47,"0_announcements-read-only"
"50","U01CRKKRPAS","1605697387.013600",305,"0_announcements-read-only"
"51","U01DW7ULJC9","1605699513.014000",31,"0_announcements-read-only"
"52","U01CRKKRPAS","1605701116.014400",37,"0_announcements-read-only"
"53","U01D8CCQWCA","1605701149.015000",21,"0_announcements-read-only"
"54","U01D8CCQWCA","1605702449.017300",109,"0_announcements-read-only"
"55","U01CK0PV0KH","1605709303.019500",259,"0_announcements-read-only"
"56","U01DTCMB9CY","1606314056.022400",12,"0_announcements-read-only"
"57","U01CRKKRPAS","1606391476.023700",2202,"0_announcements-read-only"
"58","U01CRKKRPAS","1606736208.025900",1078,"0_announcements-read-only"
"59","U01CRKKRPAS","1607450100.008000",420,"0_announcements-read-only"
"60","U01D8CCQWCA","1607750968.010000",44,"0_announcements-read-only"
"61","U01D0H609K7","1607865811.003800",319,"0_announcements-read-only"
"62","U01DGEXNXSM","1607944190.004400",46,"0_announcements-read-only"
"63","U01CRKKRPAS","1603229090.001700",4397,"0_channel-directory"
"64","U01DDMRQWMQ","1603796588.000800",30,"0_channel-directory"
"65","U01D0BAHR7X","1603870737.002400",139,"0_channel-directory"
"66","U01D3MSU9HR","1603961638.003900",351,"0_channel-directory"
"67","U01CRKKRPAS","1603963727.004000",88,"0_channel-directory"
"68","U01DPHUPUM6","1603965926.004200",18,"0_channel-directory"
"69","U01DPHUPUM6","1603965933.004400",12,"0_channel-directory"
"70","U01CRKKRPAS","1603293204.008200",874,"0_know-your-mentors"
"71","U01D45T9LUB","1603526401.000300",121,"0_team-info"
"72","U01DCMNTPHS","1603795867.001200",144,"0_team-info"
"73","U01DYP4PB7A","1603812619.002300",58,"0_team-info"
"74","U01CRKKRPAS","1603814641.002400",115,"0_team-info"
"75","U01D5U28EMB","1603816566.003800",123,"0_team-info"
"76","U01CRKKRPAS","1604050382.008800",2417,"0_useful-tools-resources"
"77","U01CT0ZAS2J","1604775381.001700",131,"0_useful-tools-resources"
"78","U01CRKKRPAS","1603351944.001100",107,"0_zoom-links"
"79","U01DTHU50RE","1603375960.008200",143,"ask-a-mentor"
"80","U01D45T9LUB","1603396872.011400",192,"ask-a-mentor"
"81","U01CRKKRPAS","1603430751.000100",290,"ask-a-mentor"
"82","U01CRKKRPAS","1603430855.000300",78,"ask-a-mentor"
"83","U01D45T9LUB","1603436023.000600",46,"ask-a-mentor"
"84","U01DTHU50RE","1603440383.001100",11,"ask-a-mentor"
"85","U01D0BAHR7X","1603450254.008300",597,"ask-a-mentor"
"86","U01CRKKRPAS","1603452308.012100",376,"ask-a-mentor"
"87","U01D0BAHR7X","1603453572.015900",205,"ask-a-mentor"
"88","U01DTHU50RE","1603724101.002800",160,"ask-a-mentor"
"89","U01CRKKRPAS","1603724398.004300",184,"ask-a-mentor"
"90","U01D45T9LUB","1603724639.006600",127,"ask-a-mentor"
"91","U01CRKKRPAS","1603724833.006700",93,"ask-a-mentor"
"92","U01D45T9LUB","1603725153.006900",68,"ask-a-mentor"
"93","U01D397D5DL","1603743146.009500",178,"ask-a-mentor"
"94","U01DB341212","1603777651.005000",191,"ask-a-mentor"
"95","U01CRKKRPAS","1603786314.006400",137,"ask-a-mentor"
"96","U01CRKKRPAS","1603786430.007000",42,"ask-a-mentor"
"97","U01D0LHNDQV","1603791095.008500",272,"ask-a-mentor"
"98","U01CRKKRPAS","1603791357.011600",295,"ask-a-mentor"
"99","U01D0LHNDQV","1603791407.012100",6,"ask-a-mentor"
"100","U01D0LHNDQV","1603791429.012300",45,"ask-a-mentor"
"101","U01D0LHNDQV","1603791437.012500",30,"ask-a-mentor"
"102","U01CRKKRPAS","1603791731.012700",255,"ask-a-mentor"
"103","U01D0LHNDQV","1603791828.013100",19,"ask-a-mentor"
"104","U01CP48A8NT","1603797783.015400",130,"ask-a-mentor"
"105","U01CRKKRPAS","1603798188.015500",159,"ask-a-mentor"
"106","U01CP48A8NT","1603798260.015700",10,"ask-a-mentor"
"107","U01DTHU50RE","1603798483.017500",100,"ask-a-mentor"
"108","U01DB9MEHTP","1603825560.018300",355,"ask-a-mentor"
"109","U01CRKKRPAS","1603829331.018400",57,"ask-a-mentor"
"110","U01D8CCQWCA","1603859150.023300",309,"ask-a-mentor"
"111","U01D8CCQWCA","1603868676.027400",204,"ask-a-mentor"
"112","U01CRKKRPAS","1603870885.027700",68,"ask-a-mentor"
"113","U01D0BAHR7X","1603871115.031800",263,"ask-a-mentor"
"114","U01CRKKRPAS","1603871258.031900",67,"ask-a-mentor"
"115","U01D0BAHR7X","1603871304.032100",49,"ask-a-mentor"
"116","U01D8CCQWCA","1603874713.032300",9,"ask-a-mentor"
"117","U01D0BAHR7X","1603903912.032700",410,"ask-a-mentor"
"118","U01DB341212","1603913215.038400",221,"ask-a-mentor"
"119","U01DBV0QWTX","1604325853.001000",99,"ask-a-mentor"
"120","U01DBV0QWTX","1604325854.001200",3,"ask-a-mentor"
"121","U01DDFNJ93N","1604584673.001700",2,"ask-a-mentor"
"122","U01DB341212","1604597807.001900",11,"ask-a-mentor"
"123","U01DB341212","1604600019.010800",401,"ask-a-mentor"
"124","U01CRKKRPAS","1604658941.010900",739,"ask-a-mentor"
"125","U01CRKKRPAS","1604659180.011100",199,"ask-a-mentor"
"126","U01DB341212","1604687969.012200",28,"ask-a-mentor"
"127","U01DBV0QWTX","1605094531.000100",12,"ask-a-mentor"
"128","U01D0LHNDQV","1603359715.004900",153,"ask-team-o17"
"129","U01CRKKRPAS","1603360532.007500",352,"ask-team-o17"
"130","U01D0LHNDQV","1603360736.009400",291,"ask-team-o17"
"131","U01D0LHNDQV","1603360838.010700",164,"ask-team-o17"
"132","U01CRKKRPAS","1603361176.015200",507,"ask-team-o17"
"133","U01CRKKRPAS","1603361208.015900",175,"ask-team-o17"
"134","U01D0LHNDQV","1603361683.018500",228,"ask-team-o17"
"135","U01CRKKRPAS","1603361846.018700",258,"ask-team-o17"
"136","U01D0LHNDQV","1603361905.018900",26,"ask-team-o17"
"137","U01D0LHNDQV","1603362046.019200",196,"ask-team-o17"
"138","U01CRKKRPAS","1603362883.019600",57,"ask-team-o17"
"139","U01D0LHNDQV","1603363480.019800",111,"ask-team-o17"
"140","U01CRKKRPAS","1603364173.020000",57,"ask-team-o17"
"141","U01D9K9KE3W","1603378590.022600",225,"ask-team-o17"
"142","U01D9K9KE3W","1603438858.000500",14,"ask-team-o17"
"143","U01D9K9KE3W","1603794061.001400",143,"ask-team-o17"
"144","U01DTA67SU8","1603794088.001900",26,"ask-team-o17"
"145","U01CRKKRPAS","1603794410.002700",105,"ask-team-o17"
"146","U01D9K9KE3W","1603798046.003200",25,"ask-team-o17"
"147","U01DPHUPUM6","1603804406.003300",6,"ask-team-o17"
"148","U01D0LHNDQV","1604095579.007200",278,"ask-team-o17"
"149","U01CRKKRPAS","1604154701.000100",106,"ask-team-o17"
"150","U01D0LHNDQV","1604156979.000300",57,"ask-team-o17"
"151","U01D0LHNDQV","1604156995.000500",8,"ask-team-o17"
"152","U01D0LHNDQV","1604160993.001200",78,"ask-team-o17"
"153","U01DXJALY9E","1604198261.001800",56,"ask-team-o17"
"154","U01DXJALY9E","1604265830.005900",63,"ask-team-o17"
"155","U01DYP4PB7A","1604348058.007300",67,"ask-team-o17"
"156","U01DYP4PB7A","1604432982.009600",128,"ask-team-o17"
"157","U01CRKKRPAS","1604439903.009700",34,"ask-team-o17"
"158","U01DYP4PB7A","1604471330.009900",79,"ask-team-o17"
"159","U01D0H609K7","1604478187.012600",313,"ask-team-o17"
"160","U01DYP4PB7A","1604479177.017100",25,"ask-team-o17"
"161","U01DTHU50RE","1604479200.017900",223,"ask-team-o17"
"162","U01CRKKRPAS","1604479502.018700",96,"ask-team-o17"
"163","U01D8CCQWCA","1604479810.022200",120,"ask-team-o17"
"164","U01DDFNJ93N","1604480597.022300",48,"ask-team-o17"
"165","U01D45T9LUB","1604490526.023900",141,"ask-team-o17"
"166","U01CRKKRPAS","1604490690.024100",10,"ask-team-o17"
"167","U01DB341212","1604507921.024200",37,"ask-team-o17"
"168","U01D0LHNDQV","1605372158.000800",71,"ask-team-o17"
"169","U01CRKKRPAS","1605372270.001200",3,"ask-team-o17"
"170","U01D45T9LUB","1605385367.001400",79,"ask-team-o17"
"171","U01DHD3GAR2","1605451451.003000",485,"ask-team-o17"
"172","U01CRKKRPAS","1605462641.003100",349,"ask-team-o17"
"173","U01DXJALY9E","1605700933.004700",69,"ask-team-o17"
"174","U01D397D5DL","1605700944.005100",6,"ask-team-o17"
"175","U01DHD3GAR2","1605700951.005300",61,"ask-team-o17"
"176","U01D45T9LUB","1605700960.005400",14,"ask-team-o17"
"177","U01DHD3GAR2","1605700968.005600",4,"ask-team-o17"
"178","U01D8CCQWCA","1605701006.006100",25,"ask-team-o17"
"179","U01D2ER0VFF","1605701016.006300",6,"ask-team-o17"
"180","U01D8CCQWCA","1605701044.006900",35,"ask-team-o17"
"181","U01DCMNTPHS","1605701083.007500",39,"ask-team-o17"
"182","U01D8CCQWCA","1605701116.008000",23,"ask-team-o17"
"183","U01CRKKRPAS","1603362683.002400",226,"crowdsourcing-citizenscience"
"184","U01CRKKRPAS","1603362790.003700",108,"crowdsourcing-citizenscience"
"185","U01ECRPS1S4","1604047763.001200",125,"crowdsourcing-citizenscience"
"186","U01DTCMB9CY","1603558357.002400",235,"datascience"
"187","U01CRKKRPAS","1603350925.003400",313,"introductions"
"188","U01CRKKRPAS","1603350949.003800",22,"introductions"
"189","U01D0BAHR7X","1603350979.004100",26,"introductions"
"190","U01D0BAHR7X","1603351019.004700",53,"introductions"
"191","U01CRKKRPAS","1603351065.005000",73,"introductions"
"192","U01CRKKRPAS","1603351108.005200",81,"introductions"
"193","U01D0BAHR7X","1603351138.005500",31,"introductions"
"194","U01CRKKRPAS","1603355559.009100",256,"introductions"
"195","U01CRKKRPAS","1603355781.012200",225,"introductions"
"196","U01DTCMB9CY","1603357842.016400",198,"introductions"
"197","U01DPHUPUM6","1603357994.017400",234,"introductions"
"198","U01D3MR3E4T","1603358219.021400",253,"introductions"
"199","U01CWPSRRFY","1603358563.024700",214,"introductions"
"200","U01D3Q06135","1603358907.027400",171,"introductions"
"201","U01DTHU50RE","1603359118.030300",206,"introductions"
"202","U01D0LHNDQV","1603359559.032900",250,"introductions"
"203","U01CRKKRPAS","1603360642.035100",36,"introductions"
"204","U01D3MR3E4T","1603364193.035800",7,"introductions"
"205","U01D45T9LUB","1603366436.036700",17,"introductions"
"206","U01D45T9LUB","1603366723.041100",429,"introductions"
"207","U01D0T9DUKF","1603367185.044000",246,"introductions"
"208","U01D9K9KE3W","1603376270.050000",298,"introductions"
"209","U01DGEXNXSM","1603384621.052800",161,"introductions"
"210","U01DB341212","1603386602.056800",180,"introductions"
"211","U01DB341212","1603386623.057200",15,"introductions"
"212","U01DTCMB9CY","1603396184.063000",180,"introductions"
"213","U01D45T9LUB","1603397307.068800",263,"introductions"
"214","U01CRKKRPAS","1603431255.003500",206,"introductions"
"215","U01D2ER0VFF","1603434032.011100",464,"introductions"
"216","U01DCFTH0PN","1603434550.017600",432,"introductions"
"217","U01D19UEZPX","1603441814.023000",224,"introductions"
"218","U01D3MSU9HR","1603510433.002100",455,"introductions"
"219","U01D5U28EMB","1603543081.001700",179,"introductions"
"220","U01CT0ZAS2J","1603562479.007700",174,"introductions"
"221","U01DAU73TS7","1603703963.000200",190,"introductions"
"222","U01DYP4PB7A","1603703973.000300",4,"introductions"
"223","U01DHD3GAR2","1603719092.001400",196,"introductions"
"224","U01DYP4PB7A","1603742487.002900",36,"introductions"
"225","U01CXLVJMRD","1603744813.003000",152,"introductions"
"226","U01DCMNTPHS","1603810895.001500",52,"introductions"
"227","U01DCMNTPHS","1603811184.005100",242,"introductions"
"228","U01DPHUPUM6","1603898819.007000",119,"introductions"
"229","U01CT0ZAS2J","1604674390.001300",118,"random"
"230","U01D9K9KE3W","1603678921.001300",87,"sdginprogress-troubleshoot"
"231","U01D9K9KE3W","1603678928.001500",13,"sdginprogress-troubleshoot"
"232","U01CRKKRPAS","1604226473.000400",809,"sdginprogress-troubleshoot"
"233","U01CRKKRPAS","1604353067.001400",38,"sdginprogress-troubleshoot"
"234","U01CRKKRPAS","1603294059.002800",687,"step1-team-formation"
"235","U01D9NTEZQU","1603439016.002500",403,"step1-team-formation"
"236","U01DXJALY9E","1603471808.005800",263,"step1-team-formation"
"237","U01D0LHNDQV","1603474848.009300",562,"step1-team-formation"
"238","U01D8CCQWCA","1603488315.018700",557,"step1-team-formation"
"239","U01D45T9LUB","1603559555.000800",2126,"step1-team-formation"
"240","U01DYP4PB7A","1603715088.007300",281,"step1-team-formation"
"241","U01DPHUPUM6","1603786104.000200",231,"step1-team-formation"
"242","U01DPHUPUM6","1603786108.000500",71,"step1-team-formation"
"243","U01DYP4PB7A","1603788671.000800",4,"step1-team-formation"
"244","U01DYP4PB7A","1603809844.002200",67,"step1-team-formation"
"245","U01D0T9DUKF","1607449758.001300",52,"step1-team-formation"
"246","U01CRKKRPAS","1607470148.001400",51,"step1-team-formation"
"247","U01D3Q06135","1608193270.000300",211,"step1-team-formation"
"248","U01CRKKRPAS","1608199791.001000",75,"step1-team-formation"
"249","U01D3Q06135","1608199828.001100",10,"step1-team-formation"
"250","U01DCFTH0PN","1603773472.002000",121,"team_ecolution"
"251","U01D2ER0VFF","1604499211.002900",199,"team_ecolution"
"252","U01DWMPAEMA","1604499224.003200",15,"team_ecolution"
"253","U01D2ER0VFF","1604499243.003600",19,"team_ecolution"
"254","U01DWMPAEMA","1604499309.004900",190,"team_ecolution"
"255","U01D2ER0VFF","1604499389.006100",121,"team_ecolution"
"256","U01DWMPAEMA","1604499497.008100",48,"team_ecolution"
"257","U01CRKKRPAS","1604499505.008300",188,"team_ecolution"
"258","U01DWMPAEMA","1604499538.009000",23,"team_ecolution"
"259","U01D2ER0VFF","1604499555.009300",22,"team_ecolution"
"260","U01D2ER0VFF","1604499797.010600",75,"team_ecolution"
"261","U01D2ER0VFF","1604499807.010800",5,"team_ecolution"
"262","U01D2ER0VFF","1604935356.001600",112,"team_ecolution"
"263","U01D19UEZPX","1604935536.003200",104,"team_ecolution"
"264","U01DWMPAEMA","1605531397.001200",236,"team_ecolution"
"265","U01DGEXNXSM","1603385709.000900",14,"team-aquatics"
"266","U01DGEXNXSM","1603385750.001600",28,"team-aquatics"
"267","U01DB341212","1603385774.001900",6,"team-aquatics"
"268","U01D0H609K7","1603385785.002300",25,"team-aquatics"
"269","U01DB341212","1603385818.003200",43,"team-aquatics"
"270","U01DB341212","1603385849.003700",14,"team-aquatics"
"271","U01D0H609K7","1603386422.004400",56,"team-aquatics"
"272","U01CRKKRPAS","1603551852.001100",127,"team-aquatics"
"273","U01DB341212","1603552342.001500",3,"team-aquatics"
"274","U01DB341212","1603552362.002100",28,"team-aquatics"
"275","U01D0H609K7","1603556542.002900",34,"team-aquatics"
"276","U01CRKKRPAS","1603556656.005000",285,"team-aquatics"
"277","U01D0H609K7","1603558195.005700",26,"team-aquatics"
"278","U01DB341212","1603615185.000500",41,"team-aquatics"
"279","U01D0H609K7","1603617802.000400",21,"team-aquatics"
"280","U01CRKKRPAS","1603729423.002500",652,"team-aquatics"
"281","U01CRKKRPAS","1603729824.005700",144,"team-aquatics"
"282","U01CRKKRPAS","1603730394.007400",108,"team-aquatics"
"283","U01D0H609K7","1603732122.013700",500,"team-aquatics"
"284","U01D0H609K7","1603732495.017000",107,"team-aquatics"
"285","U01D0H609K7","1603732802.018300",104,"team-aquatics"
"286","U01D0H609K7","1603732833.019100",63,"team-aquatics"
"287","U01D0H609K7","1603732972.022000",176,"team-aquatics"
"288","U01D0H609K7","1603733933.026300",292,"team-aquatics"
"289","U01D0H609K7","1603734078.027800",98,"team-aquatics"
"290","U01CRKKRPAS","1603794743.003500",397,"team-aquatics"
"291","U01CRKKRPAS","1604227092.001200",95,"team-aquatics"
"292","U01DGEXNXSM","1604229081.001500",18,"team-aquatics"
"293","U01D0H609K7","1604229129.002700",14,"team-aquatics"
"294","U01DGEXNXSM","1604229194.004300",129,"team-aquatics"
"295","U01DB341212","1604229206.004500",49,"team-aquatics"
"296","U01D0H609K7","1604229285.005400",56,"team-aquatics"
"297","U01DGEXNXSM","1604229309.005500",20,"team-aquatics"
"298","U01D0H609K7","1604229388.006400",43,"team-aquatics"
"299","U01DGEXNXSM","1604229405.006800",61,"team-aquatics"
"300","U01CRKKRPAS","1604229708.006900",96,"team-aquatics"
"301","U01DGEXNXSM","1604230695.007100",73,"team-aquatics"
"302","U01DGEXNXSM","1604233348.009200",147,"team-aquatics"
"303","U01CRKKRPAS","1604234746.009800",25,"team-aquatics"
"304","U01DGEXNXSM","1604239625.000500",44,"team-aquatics"
"305","U01DGEXNXSM","1604239815.004400",270,"team-aquatics"
"306","U01D0H609K7","1604239962.005200",0,"team-aquatics"
"307","U01D0H609K7","1604239992.006000",67,"team-aquatics"
"308","U01CRKKRPAS","1604313637.002800",1060,"team-aquatics"
"309","U01D0H609K7","1604477757.004800",188,"team-aquatics"
"310","U01DB341212","1604508326.006600",76,"team-aquatics"
"311","U01DGEXNXSM","1604652542.001800",108,"team-aquatics"
"312","U01CRKKRPAS","1604657727.003100",130,"team-aquatics"
"313","U01CRKKRPAS","1604658072.007600",1118,"team-aquatics"
"314","U01DB341212","1604687827.008000",11,"team-aquatics"
"315","U01DB341212","1604689399.024600",536,"team-aquatics"
"316","U01DGEXNXSM","1605023964.001400",65,"team-aquatics"
"317","U01DB341212","1605175735.004000",145,"team-aquatics"
"318","U01CRKKRPAS","1605183650.004100",193,"team-aquatics"
"319","U01DGEXNXSM","1605295422.002000",94,"team-aquatics"
"320","U01CRKKRPAS","1605295509.004200",6,"team-aquatics"
"321","U01DGEXNXSM","1605295643.006900",271,"team-aquatics"
"322","U01CRKKRPAS","1605298267.007300",55,"team-aquatics"
"323","U01CRKKRPAS","1605298268.007500",47,"team-aquatics"
"324","U01DB341212","1605488813.003600",120,"team-aquatics"
"325","U01CRKKRPAS","1605490765.004000",44,"team-aquatics"
"326","U01DB341212","1605510060.004800",40,"team-aquatics"
"327","U01DCBKSX3K","1605524607.005600",70,"team-aquatics"
"328","U01DB341212","1605525059.006800",30,"team-aquatics"
"329","U01DB341212","1605525087.007400",27,"team-aquatics"
"330","U01CRKKRPAS","1605526989.008600",101,"team-aquatics"
"331","U01DCBKSX3K","1605527035.009100",58,"team-aquatics"
"332","U01DB341212","1605527130.009900",50,"team-aquatics"
"333","U01CRKKRPAS","1605530226.010500",56,"team-aquatics"
"334","U01DCBKSX3K","1605530247.010800",45,"team-aquatics"
"335","U01DGEXNXSM","1605546960.014500",199,"team-aquatics"
"336","U01CRKKRPAS","1605547335.014800",18,"team-aquatics"
"337","U01DB341212","1605549311.015900",367,"team-aquatics"
"338","U01D0H609K7","1605552047.016900",8,"team-aquatics"
"339","U01DB341212","1605554027.017800",289,"team-aquatics"
"340","U01D0H609K7","1605556915.018100",26,"team-aquatics"
"341","U01DGEXNXSM","1605614552.018600",31,"team-aquatics"
"342","U01D0H609K7","1605625254.018900",24,"team-aquatics"
"343","U01DB341212","1605633948.021800",131,"team-aquatics"
"344","U01D0H609K7","1605634018.022900",28,"team-aquatics"
"345","U01DB341212","1605634033.023200",7,"team-aquatics"
"346","U01D0H609K7","1605634056.023700",36,"team-aquatics"
"347","U01DB341212","1605634130.025300",59,"team-aquatics"
"348","U01D0H609K7","1605634147.025600",15,"team-aquatics"
"349","U01DB341212","1605634192.026600",48,"team-aquatics"
"350","U01D0H609K7","1605634228.026900",13,"team-aquatics"
"351","U01D0H609K7","1605634242.027400",36,"team-aquatics"
"352","U01D0H609K7","1605634264.027900",37,"team-aquatics"
"353","U01D0H609K7","1605634323.029900",39,"team-aquatics"
"354","U01D0H609K7","1605634336.030700",29,"team-aquatics"
"355","U01DB341212","1605634337.030800",85,"team-aquatics"
"356","U01D0H609K7","1605634364.031400",5,"team-aquatics"
"357","U01DB341212","1605634373.032000",29,"team-aquatics"
"358","U01D0H609K7","1605634389.032500",33,"team-aquatics"
"359","U01CRKKRPAS","1605646127.034000",158,"team-aquatics"
"360","U01CRKKRPAS","1605646170.034500",59,"team-aquatics"
"361","U01DB341212","1605662972.037800",116,"team-aquatics"
"362","U01D0H609K7","1606676473.000300",348,"team-aquatics"
"363","U01D0H609K7","1606676864.004000",276,"team-aquatics"
"364","U01DGEXNXSM","1606955162.001000",60,"team-aquatics"
"365","U01DGEXNXSM","1607014319.002400",178,"team-aquatics"
"366","U01CRKKRPAS","1604313701.000500",1243,"team-collaborativewatermonitoring"
"367","U01D0BAHR7X","1604314592.001600",92,"team-collaborativewatermonitoring"
"368","U01D5Q8FS74","1604347323.002600",52,"team-collaborativewatermonitoring"
"369","U01CRKKRPAS","1604348244.003000",34,"team-collaborativewatermonitoring"
"370","U01D0BAHR7X","1604438634.004000",217,"team-collaborativewatermonitoring"
"371","U01CRKKRPAS","1604439958.004100",15,"team-collaborativewatermonitoring"
"372","U01D0BAHR7X","1605481288.005800",296,"team-collaborativewatermonitoring"
"373","U01CRKKRPAS","1605490733.006200",30,"team-collaborativewatermonitoring"
"374","U01D0BAHR7X","1605513103.009900",188,"team-collaborativewatermonitoring"
"375","U01CRKKRPAS","1605515100.013800",120,"team-collaborativewatermonitoring"
"376","U01D0BAHR7X","1605515191.015300",124,"team-collaborativewatermonitoring"
"377","U01D0BAHR7X","1605537126.018600",129,"team-collaborativewatermonitoring"
"378","U01CRKKRPAS","1605539449.019600",77,"team-collaborativewatermonitoring"
"379","U01CRKKRPAS","1605539615.019900",58,"team-collaborativewatermonitoring"
"380","U01D0BAHR7X","1605539968.021000",56,"team-collaborativewatermonitoring"
"381","U01CRKKRPAS","1605694995.000400",116,"team-collaborativewatermonitoring"
"382","U01D0BAHR7X","1605696875.002000",198,"team-collaborativewatermonitoring"
"383","U01D0BAHR7X","1605696936.003300",70,"team-collaborativewatermonitoring"
"384","U01D0BAHR7X","1605696977.004300",86,"team-collaborativewatermonitoring"
"385","U01CT0ZAS2J","1605700487.004600",48,"team-collaborativewatermonitoring"
"386","U01DDMRQWMQ","1603797117.001100",5,"team-dailywater"
"387","U01D3MR3E4T","1603797439.001300",2,"team-dailywater"
"388","U01D3Q06135","1603798751.000200",8,"team-dailywater"
"389","U01D3Q06135","1603798868.001500",60,"team-dailywater"
"390","U01D3Q06135","1603798951.002000",190,"team-dailywater"
"391","U01CRKKRPAS","1603816591.001000",37,"team-dailywater"
"392","U01CRKKRPAS","1603818171.001800",49,"team-dailywater"
"393","U01DDMRQWMQ","1603835867.001900",22,"team-dailywater"
"394","U01DDMRQWMQ","1603835874.002000",32,"team-dailywater"
"395","U01D3MR3E4T","1603861055.001900",117,"team-dailywater"
"396","U01CRKKRPAS","1603868783.000300",12,"team-dailywater"
"397","U01D3MR3E4T","1604312983.003000",110,"team-dailywater"
"398","U01D3MR3E4T","1604920462.001300",85,"team-dailywater"
"399","U01D3MR3E4T","1604920653.002400",61,"team-dailywater"
"400","U01CRKKRPAS","1604922932.003600",100,"team-dailywater"
"401","U01D3MR3E4T","1604922982.005200",58,"team-dailywater"
"402","U01CRKKRPAS","1604923054.006600",133,"team-dailywater"
"403","U01CRKKRPAS","1604923083.007600",89,"team-dailywater"
"404","U01D3MR3E4T","1604923108.008700",99,"team-dailywater"
"405","U01CRKKRPAS","1604923129.009600",88,"team-dailywater"
"406","U01D3MR3E4T","1604923134.009800",47,"team-dailywater"
"407","U01CRKKRPAS","1604923149.010200",57,"team-dailywater"
"408","U01D3MR3E4T","1604923158.010700",16,"team-dailywater"
"409","U01CRKKRPAS","1604923183.011200",24,"team-dailywater"
"410","U01D3MR3E4T","1604923220.012600",75,"team-dailywater"
"411","U01CRKKRPAS","1604923253.013700",13,"team-dailywater"
"412","U01D3MR3E4T","1604923341.015600",32,"team-dailywater"
"413","U01CRKKRPAS","1604923388.016800",158,"team-dailywater"
"414","U01D3MR3E4T","1604923495.018600",12,"team-dailywater"
"415","U01CRKKRPAS","1604923758.020200",138,"team-dailywater"
"416","U01D3MR3E4T","1604923847.025500",90,"team-dailywater"
"417","U01D3Q06135","1604923849.025600",232,"team-dailywater"
"418","U01D3Q06135","1604923894.026700",54,"team-dailywater"
"419","U01CRKKRPAS","1604924285.029100",450,"team-dailywater"
"420","U01D3Q06135","1604925007.035700",494,"team-dailywater"
"421","U01D3Q06135","1604925071.037600",114,"team-dailywater"
"422","U01CRKKRPAS","1604925221.038000",64,"team-dailywater"
"423","U01CRKKRPAS","1604925250.038300",57,"team-dailywater"
"424","U01CRKKRPAS","1604925278.039100",81,"team-dailywater"
"425","U01D3Q06135","1604925318.039600",45,"team-dailywater"
"426","U01DPHUPUM6","1605693377.000200",144,"team-dailywater"
"427","U01CRKKRPAS","1605695022.000800",116,"team-dailywater"
"428","U01D3MR3E4T","1605696916.000900",27,"team-dailywater"
"429","U01D3MR3E4T","1605698124.001200",4,"team-dailywater"
"430","U01DTHU50RE","1603798893.001100",40,"team-fews"
"431","U01CRKKRPAS","1604230138.001500",166,"team-fews"
"432","U01DTCMB9CY","1604237420.000800",67,"team-fews"
"433","U01DTCMB9CY","1604237511.002800",108,"team-fews"
"434","U01DTCMB9CY","1604237661.005800",208,"team-fews"
"435","U01CRKKRPAS","1604237836.007000",750,"team-fews"
"436","U01DTCMB9CY","1604239753.007900",30,"team-fews"
"437","U01DTCMB9CY","1604240197.012000",267,"team-fews"
"438","U01CRKKRPAS","1604300904.000100",136,"team-fews"
"439","U01DTCMB9CY","1604350404.000400",5,"team-fews"
"440","U01DTCMB9CY","1604350672.007100",403,"team-fews"
"441","U01CRKKRPAS","1604350715.007500",37,"team-fews"
"442","U01DTCMB9CY","1604350843.007800",12,"team-fews"
"443","U01DTCMB9CY","1604350916.010000",76,"team-fews"
"444","U01CRKKRPAS","1604350942.010400",56,"team-fews"
"445","U01CRKKRPAS","1604351085.011400",139,"team-fews"
"446","U01DTCMB9CY","1604351148.013200",73,"team-fews"
"447","U01CRKKRPAS","1604351216.013800",73,"team-fews"
"448","U01DTCMB9CY","1604351251.014100",7,"team-fews"
"449","U01CRKKRPAS","1604351358.015900",154,"team-fews"
"450","U01CRKKRPAS","1604351385.016400",38,"team-fews"
"451","U01DTCMB9CY","1604351431.016600",5,"team-fews"
"452","U01CRKKRPAS","1604351443.016800",65,"team-fews"
"453","U01DTCMB9CY","1604351449.017100",92,"team-fews"
"454","U01DTCMB9CY","1604351510.018200",16,"team-fews"
"455","U01CRKKRPAS","1604351601.019000",61,"team-fews"
"456","U01DTCMB9CY","1604352162.020100",43,"team-fews"
"457","U01DTCMB9CY","1604352191.020200",0,"team-fews"
"458","U01CRKKRPAS","1604352225.020900",51,"team-fews"
"459","U01DTCMB9CY","1604352438.021300",5,"team-fews"
"460","U01DTCMB9CY","1604352659.022500",57,"team-fews"
"461","U01DTCMB9CY","1604352680.022600",0,"team-fews"
"462","U01CRKKRPAS","1604352938.023400",52,"team-fews"
"463","U01CRKKRPAS","1604353353.024600",184,"team-fews"
"464","U01DTCMB9CY","1604357172.024800",2,"team-fews"
"465","U01DTCMB9CY","1604357195.025200",18,"team-fews"
"466","U01CRKKRPAS","1605019717.000300",43,"team-fews"
"467","U01DTCMB9CY","1605045046.003800",228,"team-fews"
"468","U01DTHU50RE","1605108949.007200",172,"team-fews"
"469","U01DTHU50RE","1605109000.008600",41,"team-fews"
"470","U01DTHU50RE","1605109130.012100",47,"team-fews"
"471","U01CRKKRPAS","1605109245.013500",531,"team-fews"
"472","U01DTHU50RE","1605109693.016400",119,"team-fews"
"473","U01DTHU50RE","1605283212.000600",29,"team-fews"
"474","U01CRKKRPAS","1605283585.004900",401,"team-fews"
"475","U01CRKKRPAS","1605283812.006500",159,"team-fews"
"476","U01DTHU50RE","1605284124.010800",288,"team-fews"
"477","U01DTHU50RE","1605284185.012500",121,"team-fews"
"478","U01DTHU50RE","1605284225.013200",26,"team-fews"
"479","U01CRKKRPAS","1605286323.015500",72,"team-fews"
"480","U01CRKKRPAS","1605286715.019900",333,"team-fews"
"481","U01CRKKRPAS","1605286771.020300",129,"team-fews"
"482","U01DTCMB9CY","1605289144.026500",261,"team-fews"
"483","U01CRKKRPAS","1605289240.028300",134,"team-fews"
"484","U01DTCMB9CY","1605292796.080600",3373,"team-fews"
"485","U01DTCMB9CY","1605293765.084100",179,"team-fews"
"486","U01DTCMB9CY","1605293829.085600",95,"team-fews"
"487","U01DTCMB9CY","1605294042.089400",240,"team-fews"
"488","U01DTCMB9CY","1605294072.089500",9,"team-fews"
"489","U01CRKKRPAS","1605694943.000700",115,"team-fews"
"490","U01DTHU50RE","1605695522.001000",13,"team-fews"
"491","U01DQQD64TT","1604311372.000800",26,"team-filsteiner"
"492","U01DQQD64TT","1604311404.001400",0,"team-filsteiner"
"493","U01CRKKRPAS","1604311447.002400",192,"team-filsteiner"
"494","U01CRKKRPAS","1604500599.000400",47,"team-filsteiner"
"495","U01DPHUPUM6","1604565146.001200",156,"team-filsteiner"
"496","U01CRKKRPAS","1605632958.001000",65,"team-filsteiner"
"497","U01CRKKRPAS","1605632966.001200",25,"team-filsteiner"
"498","U01DQQD64TT","1605634451.002300",51,"team-filsteiner"
"499","U01CRKKRPAS","1605634468.002500",17,"team-filsteiner"
"500","U01CRKKRPAS","1605634481.002800",45,"team-filsteiner"
"501","U01CRKKRPAS","1605634626.003800",98,"team-filsteiner"
"502","U01DPHUPUM6","1605693154.000600",93,"team-filsteiner"
"503","U01DPHUPUM6","1606484986.001800",169,"team-filsteiner"
"504","U01D9QMSWDB","1603756354.000600",5,"team-floodfinder"
"505","U01CRKKRPAS","1603790425.001800",301,"team-floodfinder"
"506","U01D0V6J17Y","1603845510.002700",101,"team-floodfinder"
"507","U01D0V6J17Y","1604152664.000700",81,"team-floodfinder"
"508","U01CRKKRPAS","1604188122.001800",48,"team-floodfinder"
"509","U01D0V6J17Y","1604189403.007100",972,"team-floodfinder"
"510","U01CRKKRPAS","1604224121.008600",187,"team-floodfinder"
"511","U01CRKKRPAS","1604225756.014900",248,"team-floodfinder"
"512","U01CRKKRPAS","1604225878.015800",132,"team-floodfinder"
"513","U01CRKKRPAS","1604226147.019300",283,"team-floodfinder"
"514","U01CRKKRPAS","1604226149.019500",38,"team-floodfinder"
"515","U01CRKKRPAS","1604226176.020000",67,"team-floodfinder"
"516","U01CRKKRPAS","1604226229.020700",139,"team-floodfinder"
"517","U01D0V6J17Y","1604239466.004600",750,"team-floodfinder"
"518","U01D0V6J17Y","1604239571.006400",181,"team-floodfinder"
"519","U01D0V6J17Y","1604239787.008000",36,"team-floodfinder"
"520","U01D0V6J17Y","1604240021.010100",387,"team-floodfinder"
"521","U01CRKKRPAS","1604303908.000100",327,"team-floodfinder"
"522","U01CRKKRPAS","1604303962.000400",365,"team-floodfinder"
"523","U01CRKKRPAS","1604303968.000600",748,"team-floodfinder"
"524","U01D0V6J17Y","1604331287.000900",39,"team-floodfinder"
"525","U01D0V6J17Y","1604331642.001100",170,"team-floodfinder"
"526","U01CZUK9REX","1604331866.001400",32,"team-floodfinder"
"527","U01CZUK9REX","1604331886.001800",37,"team-floodfinder"
"528","U01CZUK9REX","1604331910.002300",76,"team-floodfinder"
"529","U01CZUK9REX","1604331931.002700",59,"team-floodfinder"
"530","U01CZUK9REX","1604331950.003200",76,"team-floodfinder"
"531","U01CZUK9REX","1604331972.003700",69,"team-floodfinder"
"532","U01D0V6J17Y","1604332512.007200",451,"team-floodfinder"
"533","U01D0V6J17Y","1604332713.008500",117,"team-floodfinder"
"534","U01CRKKRPAS","1604333099.008900",144,"team-floodfinder"
"535","U01CRKKRPAS","1604333181.010200",67,"team-floodfinder"
"536","U01D0V6J17Y","1604333547.014300",432,"team-floodfinder"
"537","U01CZUK9REX","1604347280.015100",73,"team-floodfinder"
"538","U01CZUK9REX","1604347300.015500",76,"team-floodfinder"
"539","U01CRKKRPAS","1604349995.016800",138,"team-floodfinder"
"540","U01CRKKRPAS","1604350004.017000",40,"team-floodfinder"
"541","U01D0V6J17Y","1604464338.018900",145,"team-floodfinder"
"542","U01D0V6J17Y","1604855175.020400",125,"team-floodfinder"
"543","U01CRKKRPAS","1604973933.004600",527,"team-floodfinder"
"544","U01D0V6J17Y","1604974208.007600",219,"team-floodfinder"
"545","U01CRKKRPAS","1604974569.007700",192,"team-floodfinder"
"546","U01CRKKRPAS","1604974898.008300",346,"team-floodfinder"
"547","U01D0V6J17Y","1604975072.008500",20,"team-floodfinder"
"548","U01D0V6J17Y","1605278667.000900",125,"team-floodfinder"
"549","U01CRKKRPAS","1605278802.001400",19,"team-floodfinder"
"550","U01D0V6J17Y","1605280766.001700",25,"team-floodfinder"
"551","U01CRKKRPAS","1605286864.001900",32,"team-floodfinder"
"552","U01D0V6J17Y","1605316777.002100",19,"team-floodfinder"
"553","U01CRKKRPAS","1605491101.001200",113,"team-floodfinder"
"554","U01D0V6J17Y","1605491136.001500",14,"team-floodfinder"
"555","U01D0V6J17Y","1605494832.001600",5,"team-floodfinder"
"556","U01D0V6J17Y","1605568366.003100",169,"team-floodfinder"
"557","U01CRKKRPAS","1605611491.004100",30,"team-floodfinder"
"558","U01CRKKRPAS","1605695035.000300",116,"team-floodfinder"
"559","U01D0V6J17Y","1605700679.000600",18,"team-floodfinder"
"560","U01D0V6J17Y","1605700912.001200",52,"team-floodfinder"
"561","U01D0V6J17Y","1605759177.008300",234,"team-floodfinder"
"562","U01DHD3GAR2","1603851440.001800",23,"team-garudasavior"
"563","U01D5U28EMB","1604243990.005300",376,"team-garudasavior"
"564","U01CRKKRPAS","1604244456.009000",373,"team-garudasavior"
"565","U01D5U28EMB","1604244694.009500",43,"team-garudasavior"
"566","U01DAU73TS7","1604415490.010200",168,"team-garudasavior"
"567","U01D5U28EMB","1604724940.002800",224,"team-garudasavior"
"568","U01D5U28EMB","1604948802.000100",216,"team-garudasavior"
"569","U01CRKKRPAS","1604972171.000400",352,"team-garudasavior"
"570","U01CRKKRPAS","1604973163.013400",1677,"team-garudasavior"
"571","U01D5U28EMB","1605009142.014200",53,"team-garudasavior"
"572","U01CRKKRPAS","1605010260.016100",156,"team-garudasavior"
"573","U01D5U28EMB","1605018376.018100",127,"team-garudasavior"
"574","U01CRKKRPAS","1605019206.029800",1282,"team-garudasavior"
"575","U01D5U28EMB","1605019922.030100",48,"team-garudasavior"
"576","U01D85RH0RL","1605019938.030400",37,"team-garudasavior"
"577","U01CRKKRPAS","1605523970.000400",33,"team-garudasavior"
"578","U01D85RH0RL","1605529843.001800",85,"team-garudasavior"
"579","U01CRKKRPAS","1605529856.002000",6,"team-garudasavior"
"580","U01D5U28EMB","1605625093.003200",130,"team-garudasavior"
"581","U01D85RH0RL","1605625757.003600",0,"team-garudasavior"
"582","U01CRKKRPAS","1605695548.004500",58,"team-garudasavior"
"583","U01DHD3GAR2","1605697593.005200",32,"team-garudasavior"
"584","U01D3MSU9HR","1604317938.012900",536,"team-mnl"
"585","U01CT0ZAS2J","1604319652.015600",401,"team-mnl"
"586","U01CT0ZAS2J","1604319676.016000",49,"team-mnl"
"587","U01CT0ZAS2J","1604319723.016700",83,"team-mnl"
"588","U01CT0ZAS2J","1604319754.017000",79,"team-mnl"
"589","U01CT0ZAS2J","1604319772.017400",56,"team-mnl"
"590","U01CT0ZAS2J","1604319814.017900",68,"team-mnl"
"591","U01CT0ZAS2J","1604319836.018300",67,"team-mnl"
"592","U01CT0ZAS2J","1604319960.020100",168,"team-mnl"
"593","U01CP48A8NT","1604320055.020300",41,"team-mnl"
"594","U01CP48A8NT","1604320098.020600",52,"team-mnl"
"595","U01CP48A8NT","1604320420.020900",363,"team-mnl"
"596","U01CP48A8NT","1604320448.021200",10,"team-mnl"
"597","U01D3MSU9HR","1604320710.021400",405,"team-mnl"
"598","U01D3MSU9HR","1604320911.021600",309,"team-mnl"
"599","U01D3MSU9HR","1604321218.021800",143,"team-mnl"
"600","U01D3MSU9HR","1604321613.022000",316,"team-mnl"
"601","U01D3MSU9HR","1604321719.023700",95,"team-mnl"
"602","U01CT0ZAS2J","1604327583.024000",34,"team-mnl"
"603","U01CT0ZAS2J","1604327627.024200",67,"team-mnl"
"604","U01CT0ZAS2J","1604327720.024400",81,"team-mnl"
"605","U01D3MSU9HR","1604332403.032200",503,"team-mnl"
"606","U01CT0ZAS2J","1604333619.037000",648,"team-mnl"
"607","U01CT0ZAS2J","1604333681.037400",33,"team-mnl"
"608","U01D3MSU9HR","1604371329.037900",68,"team-mnl"
"609","U01CT0ZAS2J","1604394712.038100",137,"team-mnl"
"610","U01CP48A8NT","1604974793.006000",225,"team-mnl"
"611","U01CRKKRPAS","1604975377.010200",570,"team-mnl"
"612","U01CP48A8NT","1604977503.010300",10,"team-mnl"
"613","U01CT0ZAS2J","1604992261.011000",68,"team-mnl"
"614","U01CP48A8NT","1604992336.011300",10,"team-mnl"
"615","U01CP48A8NT","1605102095.014000",188,"team-mnl"
"616","U01CT0ZAS2J","1605106836.014400",125,"team-mnl"
"617","U01D3MSU9HR","1605181173.000100",166,"team-mnl"
"618","U01CT0ZAS2J","1605185895.000400",121,"team-mnl"
"619","U01CT0ZAS2J","1605432246.000900",170,"team-mnl"
"620","U01D3MSU9HR","1605434885.001100",60,"team-mnl"
"621","U01CT0ZAS2J","1605451598.001300",32,"team-mnl"
"622","U01CT0ZAS2J","1605517043.000600",63,"team-mnl"
"623","U01CT0ZAS2J","1605517825.001100",63,"team-mnl"
"624","U01CRKKRPAS","1605517859.001500",34,"team-mnl"
"625","U01CRKKRPAS","1605695066.000200",41,"team-mnl"
"626","U01CT0ZAS2J","1605700596.000500",16,"team-mnl"
"627","U01CP48A8NT","1605700660.000700",10,"team-mnl"
"628","U01D3MSU9HR","1605703317.002300",138,"team-mnl"
"629","U01D3MSU9HR","1605703735.002600",22,"team-mnl"
"630","U01D3MSU9HR","1605794900.013400",266,"team-mnl"
"631","U01DPHUPUM6","1606212576.001300",176,"team-mnl"
"632","U01D0LHNDQV","1604210111.009000",36,"team-potamoi"
"633","U01D0LHNDQV","1604211890.009500",28,"team-potamoi"
"634","U01D0LHNDQV","1604212176.010400",20,"team-potamoi"
"635","U01D0LHNDQV","1604212602.010900",104,"team-potamoi"
"636","U01D0LHNDQV","1604213140.022900",640,"team-potamoi"
"637","U01CT0ZAS2J","1604228101.030100",236,"team-potamoi"
"638","U01CT0ZAS2J","1604228110.030300",142,"team-potamoi"
"639","U01CT0ZAS2J","1604228118.030500",157,"team-potamoi"
"640","U01CT0ZAS2J","1604228125.030700",106,"team-potamoi"
"641","U01CT0ZAS2J","1604228134.030900",217,"team-potamoi"
"642","U01CT0ZAS2J","1604228140.031100",100,"team-potamoi"
"643","U01CT0ZAS2J","1604228153.031300",172,"team-potamoi"
"644","U01CT0ZAS2J","1604228160.031500",125,"team-potamoi"
"645","U01CT0ZAS2J","1604228167.031700",93,"team-potamoi"
"646","U01CT0ZAS2J","1604228174.031900",159,"team-potamoi"
"647","U01CT0ZAS2J","1604228183.032100",66,"team-potamoi"
"648","U01CT0ZAS2J","1604228192.032300",122,"team-potamoi"
"649","U01D0LHNDQV","1604228996.034400",174,"team-potamoi"
"650","U01D0LHNDQV","1604229333.035900",90,"team-potamoi"
"651","U01CT0ZAS2J","1604232503.037500",21,"team-potamoi"
"652","U01CT0ZAS2J","1604232681.037700",269,"team-potamoi"
"653","U01D0LHNDQV","1604232869.037900",170,"team-potamoi"
"654","U01CT0ZAS2J","1604498749.000500",134,"team-potamoi"
"655","U01D0LHNDQV","1604498872.001500",134,"team-potamoi"
"656","U01D0LHNDQV","1604526511.002200",139,"team-potamoi"
"657","U01CT0ZAS2J","1604646388.005400",350,"team-potamoi"
"658","U01D0LHNDQV","1604866308.007000",200,"team-potamoi"
"659","U01D0LHNDQV","1604866498.010000",413,"team-potamoi"
"660","U01D0LHNDQV","1604866577.011500",284,"team-potamoi"
"661","U01D0LHNDQV","1604866604.012100",56,"team-potamoi"
"662","U01D0LHNDQV","1604915534.000700",114,"team-potamoi"
"663","U01D0LHNDQV","1604915543.001100",29,"team-potamoi"
"664","U01D0LHNDQV","1604915559.001300",17,"team-potamoi"
"665","U01DPHUPUM6","1604917620.002600",445,"team-potamoi"
"666","U01D0LHNDQV","1604918224.005700",361,"team-potamoi"
"667","U01D0LHNDQV","1604918238.006000",36,"team-potamoi"
"668","U01D0LHNDQV","1604918247.006300",14,"team-potamoi"
"669","U01DPHUPUM6","1604937097.008800",125,"team-potamoi"
"670","U01CT0ZAS2J","1604991628.009700",349,"team-potamoi"
"671","U01CT0ZAS2J","1604991640.009900",518,"team-potamoi"
"672","U01CT0ZAS2J","1604991648.010100",343,"team-potamoi"
"673","U01CT0ZAS2J","1604991959.011200",44,"team-potamoi"
"674","U01D0LHNDQV","1605006492.027800",27,"team-potamoi"
"675","U01D0LHNDQV","1605090849.029300",75,"team-potamoi"
"676","U01D0LHNDQV","1605090918.030100",257,"team-potamoi"
"677","U01CRKKRPAS","1605090933.030400",14,"team-potamoi"
"678","U01D0LHNDQV","1605090935.030600",26,"team-potamoi"
"679","U01D0LHNDQV","1605091835.031200",70,"team-potamoi"
"680","U01D0LHNDQV","1605091840.031300",0,"team-potamoi"
"681","U01D0LHNDQV","1605091974.032400",152,"team-potamoi"
"682","U01CRKKRPAS","1605092056.033400",137,"team-potamoi"
"683","U01CRKKRPAS","1605092071.033700",51,"team-potamoi"
"684","U01D0LHNDQV","1605092480.034100",53,"team-potamoi"
"685","U01D0LHNDQV","1605092494.034300",28,"team-potamoi"
"686","U01CT0ZAS2J","1605106823.034900",121,"team-potamoi"
"687","U01D0LHNDQV","1605107371.035700",49,"team-potamoi"
"688","U01CT0ZAS2J","1605119267.036100",2,"team-potamoi"
"689","U01CT0ZAS2J","1605553723.000300",91,"team-potamoi"
"690","U01D0LHNDQV","1605553759.000700",4,"team-potamoi"
"691","U01D0LHNDQV","1605553774.001100",24,"team-potamoi"
"692","U01CRKKRPAS","1605695086.000400",31,"team-potamoi"
"693","U01D0LHNDQV","1605699819.001000",117,"team-potamoi"
"694","U01D0LHNDQV","1605699839.001200",20,"team-potamoi"
"695","U01CT0ZAS2J","1605700588.001400",10,"team-potamoi"
"696","U01D0LHNDQV","1606386607.001200",191,"team-potamoi"
"697","U01D0LHNDQV","1606386614.001400",31,"team-potamoi"
"698","U01CRKKRPAS","1606386638.001700",17,"team-potamoi"
"699","U01D0LHNDQV","1606388139.002300",48,"team-potamoi"
"700","U01CRKKRPAS","1603618585.001900",206,"team-rainwater-collection"
"701","U01DDFNJ93N","1603634248.000100",12,"team-rainwater-collection"
"702","U01D8CCQWCA","1603658576.000100",39,"team-rainwater-collection"
"703","U01D8CCQWCA","1603866170.002300",146,"team-rainwater-collection"
"704","U01DDFNJ93N","1603986134.000100",10,"team-rainwater-collection"
"705","U01DDFNJ93N","1604999852.003300",145,"team-rainwater-collection"
"706","U01CRKKRPAS","1605003014.004300",131,"team-rainwater-collection"
"707","U01CRKKRPAS","1605003111.004800",155,"team-rainwater-collection"
"708","U01DDFNJ93N","1605086592.001200",185,"team-rainwater-collection"
"709","U01DDFNJ93N","1605088771.001600",0,"team-rainwater-collection"
"710","U01DDFNJ93N","1605088797.002500",42,"team-rainwater-collection"
"711","U01DDFNJ93N","1605088810.002700",14,"team-rainwater-collection"
"712","U01CRKKRPAS","1605090304.003100",40,"team-rainwater-collection"
"713","U01DDFNJ93N","1605090811.003200",26,"team-rainwater-collection"
"714","U01DDFNJ93N","1605652953.000600",65,"team-rainwater-collection"
"715","U01CRKKRPAS","1605695114.000500",77,"team-rainwater-collection"
"716","U01DDFNJ93N","1605695204.001200",21,"team-rainwater-collection"
"717","U01CRKKRPAS","1604313879.000500",709,"team-rainwaterharvesting"
"718","U01DCMNTPHS","1604319122.004100",147,"team-rainwaterharvesting"
"719","U01DCMNTPHS","1604422344.004000",455,"team-rainwaterharvesting"
"720","U01ECRPS1S4","1604476925.004300",16,"team-rainwaterharvesting"
"721","U01CZRPQLJJ","1605030303.002500",282,"team-rainwaterharvesting"
"722","U01CZRPQLJJ","1605644568.000600",272,"team-rainwaterharvesting"
"723","U01CRKKRPAS","1605695331.001200",95,"team-rainwaterharvesting"
"724","U01DYP4PB7A","1603820829.001000",48,"team-safeskye"
"725","U01CRKKRPAS","1603828396.001400",13,"team-safeskye"
"726","U01DYP4PB7A","1604231720.001000",48,"team-safeskye"
"727","U01CRKKRPAS","1604232281.001400",54,"team-safeskye"
"728","U01DYP4PB7A","1604331994.000500",22,"team-safeskye"
"729","U01DYP4PB7A","1604332158.002300",77,"team-safeskye"
"730","U01DW7PF3PW","1604416262.000300",34,"team-safeskye"
"731","U01DW7PF3PW","1604416387.000700",126,"team-safeskye"
"732","U01DYP4PB7A","1604416427.000900",4,"team-safeskye"
"733","U01DYP4PB7A","1604416536.001300",17,"team-safeskye"
"734","U01DYP4PB7A","1604416652.002000",31,"team-safeskye"
"735","U01DYP4PB7A","1604416671.002100",14,"team-safeskye"
"736","U01DW7PF3PW","1604423248.002400",514,"team-safeskye"
"737","U01DYP4PB7A","1604432731.003600",31,"team-safeskye"
"738","U01DW7PF3PW","1604434338.004600",71,"team-safeskye"
"739","U01DYP4PB7A","1604435319.005400",9,"team-safeskye"
"740","U01DW7PF3PW","1605602544.001500",299,"team-safeskye"
"741","U01CRKKRPAS","1603789201.001000",166,"team-safewaterforhomeless"
"742","U01D397D5DL","1604252501.001400",105,"team-safewaterforhomeless"
"743","U01D397D5DL","1604309903.001000",93,"team-safewaterforhomeless"
"744","U01CRKKRPAS","1604311241.007400",597,"team-safewaterforhomeless"
"745","U01D397D5DL","1604325932.008000",25,"team-safewaterforhomeless"
"746","U01DW7PF3PW","1604416379.001400",126,"team-safewaterforhomeless"
"747","U01D397D5DL","1605028692.000800",75,"team-safewaterforhomeless"
"748","U01DPHUPUM6","1605090803.002300",102,"team-safewaterforhomeless"
"749","U01DNKZV8LR","1605203302.003000",148,"team-safewaterforhomeless"
"750","U01DPHUPUM6","1605280050.001900",244,"team-safewaterforhomeless"
"751","U01DW7PF3PW","1605602557.000300",299,"team-safewaterforhomeless"
"752","U01DW7ULJC9","1604344013.000600",29,"team-thousand-waters"
"753","U01CT0ZAS2J","1604346151.001200",22,"team-thousand-waters"
"754","U01CT0ZAS2J","1604346680.002100",1188,"team-thousand-waters"
"755","U01DW7ULJC9","1604346913.002600",69,"team-thousand-waters"
"756","U01CRKKRPAS","1604349719.005300",257,"team-thousand-waters"
"757","U01CT0ZAS2J","1604675781.000800",91,"team-thousand-waters"
"758","U01CT0ZAS2J","1604675800.001200",51,"team-thousand-waters"
"759","U01DPHUPUM6","1604918370.002000",427,"team-thousand-waters"
"760","U01DW7ULJC9","1604929091.002300",47,"team-thousand-waters"
"761","U01DW7ULJC9","1604929279.002600",111,"team-thousand-waters"
"762","U01DW7ULJC9","1604930704.002800",48,"team-thousand-waters"
"763","U01DPHUPUM6","1604934016.003600",129,"team-thousand-waters"
"764","U01E3TPUC68","1604934719.007200",398,"team-thousand-waters"
"765","U01E3TPUC68","1604935165.007500",26,"team-thousand-waters"
"766","U01DPHUPUM6","1604937001.008400",92,"team-thousand-waters"
"767","U01CRKKRPAS","1605185431.000200",14,"team-thousand-waters"
"768","U01DW7ULJC9","1605536965.000200",46,"team-thousand-waters"
"769","U01DPHUPUM6","1605564092.001400",80,"team-thousand-waters"
"770","U01CRKKRPAS","1605695353.000500",26,"team-thousand-waters"
"771","U01CT0ZAS2J","1605700581.000700",16,"team-thousand-waters"
"772","U01E3TPUC68","1605700886.001000",24,"team-thousand-waters"
"773","U01E3TPUC68","1605700900.001300",40,"team-thousand-waters"
"774","U01D9K9KE3W","1603601388.000900",2,"team-toseetocare"
"775","U01D9K9KE3W","1603601459.001700",70,"team-toseetocare"
"776","U01D9K9KE3W","1603601510.002100",40,"team-toseetocare"
"777","U01CRKKRPAS","1603616300.001000",68,"team-toseetocare"
"778","U01D9K9KE3W","1603616707.002400",161,"team-toseetocare"
"779","U01D9K9KE3W","1603616773.003700",164,"team-toseetocare"
"780","U01D9K9KE3W","1603616868.005500",210,"team-toseetocare"
"781","U01CRKKRPAS","1605168656.002400",169,"team-toseetocare"
"782","U01D9K9KE3W","1605366865.001500",138,"team-toseetocare"
"783","U01D9K9KE3W","1605366885.002000",40,"team-toseetocare"
"784","U01D9K9KE3W","1605599079.001300",171,"team-toseetocare"
"785","U01CRKKRPAS","1605600090.002100",115,"team-toseetocare"
"786","U01D9K9KE3W","1605600179.002500",15,"team-toseetocare"
"787","U01CRKKRPAS","1605633072.003100",88,"team-toseetocare"
"788","U01D9K9KE3W","1605665068.000500",31,"team-toseetocare"
"789","U01DPHUPUM6","1605693145.000900",153,"team-toseetocare"
"790","U01CRKKRPAS","1605695373.001300",96,"team-toseetocare"
"791","U01D9K9KE3W","1605701091.002300",101,"team-toseetocare"
"792","U01D9K9KE3W","1605701104.002800",32,"team-toseetocare"
"793","U01D45T9LUB","1603528947.001000",20,"team-wotter"
"794","U01D45T9LUB","1603529017.002600",88,"team-wotter"
"795","U01D0T9DUKF","1603644811.000200",3,"team-wotter"
"796","U01D45T9LUB","1603644829.000500",13,"team-wotter"
"797","U01D0T9DUKF","1603644850.000900",18,"team-wotter"
"798","U01D45T9LUB","1603644905.002400",81,"team-wotter"
"799","U01D0T9DUKF","1603644932.003000",41,"team-wotter"
"800","U01D45T9LUB","1603645030.003700",35,"team-wotter"
"801","U01D45T9LUB","1603645044.004100",28,"team-wotter"
"802","U01D0T9DUKF","1603678175.000400",21,"team-wotter"
"803","U01D0T9DUKF","1603678181.000600",9,"team-wotter"
"804","U01D45T9LUB","1603697214.000500",14,"team-wotter"
"805","U01D45T9LUB","1603697246.000900",31,"team-wotter"
"806","U01D45T9LUB","1603697333.003200",144,"team-wotter"
"807","U01CRKKRPAS","1603726797.007000",529,"team-wotter"
"808","U01CRKKRPAS","1603726809.007700",61,"team-wotter"
"809","U01D45T9LUB","1603727014.013600",121,"team-wotter"
"810","U01CRKKRPAS","1603727214.016300",652,"team-wotter"
"811","U01D45T9LUB","1603727312.016900",37,"team-wotter"
"812","U01CRKKRPAS","1603728475.019600",295,"team-wotter"
"813","U01D45T9LUB","1603728794.020800",75,"team-wotter"
"814","U01CRKKRPAS","1603728946.023100",154,"team-wotter"
"815","U01D45T9LUB","1603791576.000400",119,"team-wotter"
"816","U01D45T9LUB","1603834587.003000",73,"team-wotter"
"817","U01DDFNJ93N","1604054206.000100",14,"team-wotter"
"818","U01CRKKRPAS","1604313806.000700",463,"team-wotter"
"819","U01CZNGBYBU","1604328767.001600",79,"team-wotter"
"820","U01D45T9LUB","1604347649.009900",479,"team-wotter"
"821","U01D45T9LUB","1604347720.011700",146,"team-wotter"
"822","U01D45T9LUB","1604413608.002400",156,"team-wotter"
"823","U01CRKKRPAS","1604416046.006000",465,"team-wotter"
"824","U01D45T9LUB","1604416529.008700",167,"team-wotter"
"825","U01CRKKRPAS","1604416876.008800",289,"team-wotter"
"826","U01D0T9DUKF","1604492811.002100",135,"team-wotter"
"827","U01CRKKRPAS","1604492953.003900",127,"team-wotter"
"828","U01D0T9DUKF","1604493110.004300",37,"team-wotter"
"829","U01D0T9DUKF","1604493199.004700",25,"team-wotter"
"830","U01D45T9LUB","1604493399.005500",39,"team-wotter"
"831","U01D45T9LUB","1604493407.005800",15,"team-wotter"
"832","U01D0T9DUKF","1604647072.000600",50,"team-wotter"
"833","U01CRKKRPAS","1604658173.001800",163,"team-wotter"
"834","U01CRKKRPAS","1604659470.002000",63,"team-wotter"
"835","U01CRKKRPAS","1604659484.002300",39,"team-wotter"
"836","U01D45T9LUB","1604664936.003500",61,"team-wotter"
"837","U01D45T9LUB","1604818616.003300",209,"team-wotter"
"838","U01CRKKRPAS","1604973244.000100",173,"team-wotter"
"839","U01CRKKRPAS","1604973521.005000",741,"team-wotter"
"840","U01CRKKRPAS","1605005795.006400",194,"team-wotter"
"841","U01D45T9LUB","1605008466.006500",41,"team-wotter"
"842","U01D45T9LUB","1605008590.009500",193,"team-wotter"
"843","U01CRKKRPAS","1605008662.010100",25,"team-wotter"
"844","U01D45T9LUB","1605008694.010600",36,"team-wotter"
"845","U01D45T9LUB","1605008798.010900",0,"team-wotter"
"846","U01CRKKRPAS","1605076472.000100",308,"team-wotter"
"847","U01D45T9LUB","1605096141.000300",51,"team-wotter"
"848","U01D45T9LUB","1605096154.000500",31,"team-wotter"
"849","U01DW7PF3PW","1605103969.001300",64,"team-wotter"
"850","U01DW7PF3PW","1605104111.003100",406,"team-wotter"
"851","U01D45T9LUB","1605110264.008300",358,"team-wotter"
"852","U01DW7PF3PW","1605215520.002900",286,"team-wotter"
"853","U01D45T9LUB","1605245540.005500",313,"team-wotter"
"854","U01D45T9LUB","1605245788.010200",280,"team-wotter"
"855","U01DWMPAEMA","1605261220.000300",382,"team-wotter"
"856","U01D0T9DUKF","1605336331.001400",75,"team-wotter"
"857","U01CRKKRPAS","1605340850.001900",19,"team-wotter"
"858","U01D45T9LUB","1605341692.004700",83,"team-wotter"
"859","U01DWMPAEMA","1605523779.000700",71,"team-wotter"
"860","U01DWMPAEMA","1605524627.000900",14,"team-wotter"
"861","U01DW7PF3PW","1605525462.001000",443,"team-wotter"
"862","U01DWMPAEMA","1605531305.001800",55,"team-wotter"
"863","U01D45T9LUB","1605538100.001900",87,"team-wotter"
"864","U01DW7PF3PW","1605602564.002200",299,"team-wotter"
"865","U01D45T9LUB","1605648082.002400",127,"team-wotter"
"866","U01D45T9LUB","1605648391.003700",210,"team-wotter"
"867","U01DW7PF3PW","1605687944.002200",298,"team-wotter"
"868","U01D45T9LUB","1605690352.003600",82,"team-wotter"
"869","U01DWMPAEMA","1605693341.009600",781,"team-wotter"
"870","U01DW7PF3PW","1605693467.009900",43,"team-wotter"
"871","U01D45T9LUB","1605694489.013200",182,"team-wotter"
"872","U01CRKKRPAS","1605694737.013900",90,"team-wotter"
"873","U01D45T9LUB","1605695314.014300",29,"team-wotter"
"874","U01CRKKRPAS","1604301054.001100",62,"teamfloodmaps"
"875","U01DPHUPUM6","1604490043.002700",480,"teamfloodmaps"
"876","U01DXJALY9E","1604498372.004100",158,"teamfloodmaps"
"877","U01DPHUPUM6","1604520030.005200",105,"teamfloodmaps"
"878","U01DXJALY9E","1604632298.000500",35,"teamfloodmaps"
"879","U01DPHUPUM6","1604655072.000800",41,"teamfloodmaps"
"880","U01CRKKRPAS","1605523946.000600",87,"teamfloodmaps"
"881","U01DXJALY9E","1605546395.001600",103,"teamfloodmaps"
"882","U01CRKKRPAS","1605546415.001900",9,"teamfloodmaps"
"883","U01CRKKRPAS","1605546429.002300",52,"teamfloodmaps"
"884","U01DXJALY9E","1605546495.002700",34,"teamfloodmaps"
"885","U01DXJALY9E","1605546509.003000",10,"teamfloodmaps"
"886","U01CRKKRPAS","1605546511.003200",3,"teamfloodmaps"
"887","U01DW7PF3PW","1605602571.003400",299,"teamfloodmaps"
"888","U01CRKKRPAS","1605634729.004300",142,"teamfloodmaps"
"889","U01DPHUPUM6","1605693303.001000",144,"teamfloodmaps"
"890","U01CRKKRPAS","1605695397.001300",28,"teamfloodmaps"
"891","U01DXJALY9E","1605700873.001900",48,"teamfloodmaps"
"892","U01DXJALY9E","1605701026.002300",39,"teamfloodmaps"
"893","U01CT0ZAS2J","1604606326.000900",47,"warbon-footprint"
"894","U01CT0ZAS2J","1604606347.001400",88,"warbon-footprint"
"895","U01DBV0QWTX","1604606436.001600",7,"warbon-footprint"
"896","U01DBV0QWTX","1604606448.001900",31,"warbon-footprint"
"897","U01DBV0QWTX","1604606459.002300",36,"warbon-footprint"
"898","U01DBV0QWTX","1604606731.002600",72,"warbon-footprint"
"899","U01DBV0QWTX","1604606737.003000",12,"warbon-footprint"
"900","U01CT0ZAS2J","1604608828.003800",142,"warbon-footprint"
"901","U01CT0ZAS2J","1604608926.004300",69,"warbon-footprint"
"902","U01DBV0QWTX","1604613726.004400",0,"warbon-footprint"
"903","U01CT0ZAS2J","1604643603.000300",15,"warbon-footprint"
"904","U01CT0ZAS2J","1604644050.003600",444,"warbon-footprint"
"905","U01CT0ZAS2J","1604644086.004300",81,"warbon-footprint"
"906","U01CT0ZAS2J","1604644495.004900",106,"warbon-footprint"
"907","U01CT0ZAS2J","1604644517.005300",58,"warbon-footprint"
"908","U01CT0ZAS2J","1604644599.005700",69,"warbon-footprint"
"909","U01DBV0QWTX","1604671896.006700",46,"warbon-footprint"
"910","U01DBV0QWTX","1604671911.007200",38,"warbon-footprint"
"911","U01DBV0QWTX","1604671928.007900",44,"warbon-footprint"
"912","U01CT0ZAS2J","1604672436.012200",590,"warbon-footprint"
"913","U01CT0ZAS2J","1604672589.014100",297,"warbon-footprint"
"914","U01CT0ZAS2J","1604672621.014600",50,"warbon-footprint"
"915","U01DBV0QWTX","1604672686.014900",7,"warbon-footprint"
"916","U01DBV0QWTX","1604672691.015100",6,"warbon-footprint"
"917","U01DBV0QWTX","1604672710.015500",52,"warbon-footprint"
"918","U01DBV0QWTX","1604675155.016100",18,"warbon-footprint"
"919","U01DBV0QWTX","1604675176.016600",39,"warbon-footprint"
"920","U01DBV0QWTX","1604675180.016700",0,"warbon-footprint"
"921","U01CT0ZAS2J","1604675669.017400",61,"warbon-footprint"
"922","U01CT0ZAS2J","1604675709.018000",124,"warbon-footprint"
"923","U01CRKKRPAS","1604974034.000100",259,"warbon-footprint"
"924","U01DBV0QWTX","1605094404.000400",47,"warbon-footprint"
"925","U01DBV0QWTX","1605094410.000600",23,"warbon-footprint"
"926","U01DBV0QWTX","1605094425.000800",0,"warbon-footprint"
"927","U01DBV0QWTX","1605094471.001400",22,"warbon-footprint"
"928","U01DBV0QWTX","1605094479.001700",28,"warbon-footprint"
"929","U01DBV0QWTX","1605094508.002400",51,"warbon-footprint"
"930","U01DBV0QWTX","1605094512.002500",0,"warbon-footprint"
"931","U01D9NTEZQU","1605105321.004300",268,"warbon-footprint"
"932","U01CT0ZAS2J","1605106794.005600",98,"warbon-footprint"
"933","U01CT0ZAS2J","1605106795.005800",125,"warbon-footprint"
"934","U01DBV0QWTX","1605183402.000200",4,"warbon-footprint"
"935","U01DBV0QWTX","1605183419.000600",58,"warbon-footprint"
"936","U01DBV0QWTX","1605183478.001700",74,"warbon-footprint"
"937","U01DBV0QWTX","1605183561.002800",118,"warbon-footprint"
"938","U01D9NTEZQU","1605183933.004400",220,"warbon-footprint"
"939","U01D9NTEZQU","1605184264.009600",870,"warbon-footprint"
"940","U01CT0ZAS2J","1605185435.011400",191,"warbon-footprint"
"941","U01DBV0QWTX","1605186504.011600",5,"warbon-footprint"
"942","U01DBV0QWTX","1605186560.012800",71,"warbon-footprint"
"943","U01DBV0QWTX","1605278354.000400",69,"warbon-footprint"
"944","U01DBV0QWTX","1605278440.000900",51,"warbon-footprint"
"945","U01D9NTEZQU","1605285892.001300",64,"warbon-footprint"
"946","U01CT0ZAS2J","1605286507.001600",30,"warbon-footprint"
"947","U01D9NTEZQU","1605291643.002000",293,"warbon-footprint"
"948","U01DBV0QWTX","1605420165.000200",4,"warbon-footprint"
"949","U01CRKKRPAS","1605633091.000300",88,"warbon-footprint"
"950","U01CRKKRPAS","1605695410.000400",30,"warbon-footprint"
"951","U01CT0ZAS2J","1605700576.000700",16,"warbon-footprint"
"952","U01D9NTEZQU","1605707709.001600",173,"warbon-footprint"
"953","U01DBV0QWTX","1605709003.002100",77,"warbon-footprint"
"954","U01DBV0QWTX","1605709018.002600",46,"warbon-footprint"
"955","U01DBV0QWTX","1605709034.003000",40,"warbon-footprint"
