"","from","to","timestamp","channel"
"1","U01CRKKRPAS","channel","1603361577.014900","0_announcements-read-only"
"2","U01CRKKRPAS","channel","1603431853.003500","0_announcements-read-only"
"3","U01CRKKRPAS","channel","1603557184.007400","0_announcements-read-only"
"4","U01CRKKRPAS","channel","1603883167.002700","0_announcements-read-only"
"5","U01DYP4PB7A","U01CRKKRPAS","1603886734.004700","0_announcements-read-only"
"6","U01CRKKRPAS","U01CXLVJMRD","1603894845.004800","0_announcements-read-only"
"7","U01CRKKRPAS","U01CZNGBYBU","1603894845.004800","0_announcements-read-only"
"8","U01CRKKRPAS","U01ECRPS1S4","1604047963.014500","0_announcements-read-only"
"9","U01CRKKRPAS","channel","1604047963.014500","0_announcements-read-only"
"10","U01DB341212","U01CRKKRPAS","1604054237.015200","0_announcements-read-only"
"11","U01CRKKRPAS","channel","1604226812.005800","0_announcements-read-only"
"12","U01D45T9LUB","U01CRKKRPAS","1604227804.006300","0_announcements-read-only"
"13","U01D45T9LUB","U01CRKKRPAS","1604228034.006900","0_announcements-read-only"
"14","U01CRKKRPAS","U01D45T9LUB","1604228455.007000","0_announcements-read-only"
"15","U01CRKKRPAS","U01CZNGBYBU","1604228455.007000","0_announcements-read-only"
"16","U01D45T9LUB","U01CRKKRPAS","1604229141.007200","0_announcements-read-only"
"17","U01CRKKRPAS","channel","1604230227.008800","0_announcements-read-only"
"18","U01CRKKRPAS","channel","1604311507.012500","0_announcements-read-only"
"19","U01CRKKRPAS","channel","1604485422.023300","0_announcements-read-only"
"20","U01CRKKRPAS","U01CZUK9REX","1604486599.025400","0_announcements-read-only"
"21","U01CRKKRPAS","channel","1604486599.025400","0_announcements-read-only"
"22","U01CRKKRPAS","channel","1604499112.029100","0_announcements-read-only"
"23","U01CRKKRPAS","U01CRKKRPAS","1604499791.032600","0_announcements-read-only"
"24","U01CRKKRPAS","U01CZUK9REX","1604499791.032600","0_announcements-read-only"
"25","U01CRKKRPAS","U01CZUK9REX","1604499791.032600","0_announcements-read-only"
"26","U01CRKKRPAS","channel","1604499791.032600","0_announcements-read-only"
"27","U01CRKKRPAS","channel","1605104278.004400","0_announcements-read-only"
"28","U01CRKKRPAS","U01CRKKRPAS","1605213049.013000","0_announcements-read-only"
"29","U01CRKKRPAS","U01CK0PV0KH","1605213049.013000","0_announcements-read-only"
"30","U01CRKKRPAS","U01CZUK9REX","1605213049.013000","0_announcements-read-only"
"31","U01CRKKRPAS","U01DWMPAEMA","1605213049.013000","0_announcements-read-only"
"32","U01CRKKRPAS","U01CT0ZAS2J","1605213049.013000","0_announcements-read-only"
"33","U01CRKKRPAS","U01DPHUPUM6","1605213049.013000","0_announcements-read-only"
"34","U01CRKKRPAS","U01CRKKRPAS","1605213049.013000","0_announcements-read-only"
"35","U01CRKKRPAS","U01CZUK9REX","1605213049.013000","0_announcements-read-only"
"36","U01CRKKRPAS","channel","1605213049.013000","0_announcements-read-only"
"37","U01CRKKRPAS","U01CZUK9REX","1605274689.015300","0_announcements-read-only"
"38","U01CRKKRPAS","channel","1605274689.015300","0_announcements-read-only"
"39","U01DPHUPUM6","U01CRKKRPAS","1605287028.019500","0_announcements-read-only"
"40","U01DPHUPUM6","U01CZNGBYBU","1605287028.019500","0_announcements-read-only"
"41","U01DPHUPUM6","U01DPHUPUM6","1605287028.019500","0_announcements-read-only"
"42","U01DPHUPUM6","U01DWMPAEMA","1605287028.019500","0_announcements-read-only"
"43","U01DPHUPUM6","U01CT0ZAS2J","1605287028.019500","0_announcements-read-only"
"44","U01DPHUPUM6","channel","1605287028.019500","0_announcements-read-only"
"45","U01CRKKRPAS","U01CRKKRPAS","1605520678.002300","0_announcements-read-only"
"46","U01CRKKRPAS","U01DW7PF3PW","1605520678.002300","0_announcements-read-only"
"47","U01CRKKRPAS","U01DWMPAEMA","1605520678.002300","0_announcements-read-only"
"48","U01CRKKRPAS","U01CT0ZAS2J","1605520678.002300","0_announcements-read-only"
"49","U01CRKKRPAS","channel","1605520678.002300","0_announcements-read-only"
"50","U01CRKKRPAS","channel","1605526694.004200","0_announcements-read-only"
"51","U01DPHUPUM6","channel","1605564165.005300","0_announcements-read-only"
"52","U01CRKKRPAS","U01DW7ULJC9","1605694836.009000","0_announcements-read-only"
"53","U01CRKKRPAS","U01DW7ULJC9","1605694864.009300","0_announcements-read-only"
"54","U01DW7ULJC9","U01CRKKRPAS","1605696795.010000","0_announcements-read-only"
"55","U01CRKKRPAS","channel","1605697387.013600","0_announcements-read-only"
"56","U01CRKKRPAS","channel","1605701116.014400","0_announcements-read-only"
"57","U01D8CCQWCA","U01CRKKRPAS","1605701149.015000","0_announcements-read-only"
"58","U01D8CCQWCA","U01CRKKRPAS","1605702449.017300","0_announcements-read-only"
"59","U01CRKKRPAS","channel","1606391476.023700","0_announcements-read-only"
"60","U01CRKKRPAS","channel","1606736208.025900","0_announcements-read-only"
"61","U01CRKKRPAS","channel","1607450100.008000","0_announcements-read-only"
"62","U01D8CCQWCA","U01CRKKRPAS","1607750968.010000","0_announcements-read-only"
"63","U01D0H609K7","U01CRKKRPAS","1607865811.003800","0_announcements-read-only"
"64","U01DGEXNXSM","U01D0H609K7","1607944190.004400","0_announcements-read-only"
"65","U01CRKKRPAS","U01D3MSU9HR","1603963727.004000","0_channel-directory"
"66","U01CRKKRPAS","U01DPHUPUM6","1603963727.004000","0_channel-directory"
"67","U01CRKKRPAS","U01CZNGBYBU","1603963727.004000","0_channel-directory"
"68","U01CRKKRPAS","U01DPHUPUM6","1603293204.008200","0_know-your-mentors"
"69","U01CRKKRPAS","U01CZNGBYBU","1603293204.008200","0_know-your-mentors"
"70","U01CRKKRPAS","U01CRKKRPAS","1603293204.008200","0_know-your-mentors"
"71","U01CRKKRPAS","U01CT0ZAS2J","1603293204.008200","0_know-your-mentors"
"72","U01CRKKRPAS","U01CZUK9REX","1603293204.008200","0_know-your-mentors"
"73","U01CRKKRPAS","U01DCBKSX3K","1603293204.008200","0_know-your-mentors"
"74","U01CRKKRPAS","U01CZNGDK4J","1603293204.008200","0_know-your-mentors"
"75","U01CRKKRPAS","U01CWKVMXPF","1603293204.008200","0_know-your-mentors"
"76","U01CRKKRPAS","U01DCBKGS01","1603293204.008200","0_know-your-mentors"
"77","U01CRKKRPAS","U01CWKW26E9","1603293204.008200","0_know-your-mentors"
"78","U01CRKKRPAS","U01D9NTEZQU","1603293204.008200","0_know-your-mentors"
"79","U01D45T9LUB","U01CRKKRPAS","1603526401.000300","0_team-info"
"80","U01DCMNTPHS","U01CRKKRPAS","1603795867.001200","0_team-info"
"81","U01DYP4PB7A","U01CRKKRPAS","1603812619.002300","0_team-info"
"82","U01CRKKRPAS","U01DYP4PB7A","1603814641.002400","0_team-info"
"83","U01D5U28EMB","U01CRKKRPAS","1603816566.003800","0_team-info"
"84","U01CRKKRPAS","U01CRKKRPAS","1604050382.008800","0_useful-tools-resources"
"85","U01CRKKRPAS","U01ECRPS1S4","1604050382.008800","0_useful-tools-resources"
"86","U01CRKKRPAS","U01CZUK9REX","1604050382.008800","0_useful-tools-resources"
"87","U01CRKKRPAS","U01CRKKRPAS","1604050382.008800","0_useful-tools-resources"
"88","U01CRKKRPAS","U01CZUK9REX","1604050382.008800","0_useful-tools-resources"
"89","U01CRKKRPAS","U01CZUK9REX","1604050382.008800","0_useful-tools-resources"
"90","U01CRKKRPAS","U01CZUK9REX","1604050382.008800","0_useful-tools-resources"
"91","U01DTHU50RE","U01CRKKRPAS","1603375960.008200","ask-a-mentor"
"92","U01CRKKRPAS","U01DTHU50RE","1603430751.000100","ask-a-mentor"
"93","U01CRKKRPAS","U01D45T9LUB","1603430855.000300","ask-a-mentor"
"94","U01D0BAHR7X","U01CRKKRPAS","1603450254.008300","ask-a-mentor"
"95","U01D0BAHR7X","U01D5Q8FS74","1603450254.008300","ask-a-mentor"
"96","U01D0BAHR7X","U01D5Q8FS74","1603450254.008300","ask-a-mentor"
"97","U01CRKKRPAS","U01D0BAHR7X","1603452308.012100","ask-a-mentor"
"98","U01D0BAHR7X","U01CRKKRPAS","1603453572.015900","ask-a-mentor"
"99","U01DTHU50RE","U01CRKKRPAS","1603724101.002800","ask-a-mentor"
"100","U01CRKKRPAS","U01DTHU50RE","1603724398.004300","ask-a-mentor"
"101","U01D45T9LUB","U01CRKKRPAS","1603724639.006600","ask-a-mentor"
"102","U01CRKKRPAS","U01D45T9LUB","1603724833.006700","ask-a-mentor"
"103","U01D45T9LUB","U01CRKKRPAS","1603725153.006900","ask-a-mentor"
"104","U01DB341212","U01CRKKRPAS","1603777651.005000","ask-a-mentor"
"105","U01CRKKRPAS","U01DB341212","1603786314.006400","ask-a-mentor"
"106","U01CRKKRPAS","U01D397D5DL","1603786430.007000","ask-a-mentor"
"107","U01D0LHNDQV","U01CRKKRPAS","1603791095.008500","ask-a-mentor"
"108","U01CRKKRPAS","U01D0LHNDQV","1603791357.011600","ask-a-mentor"
"109","U01CRKKRPAS","U01D0LHNDQV","1603791731.012700","ask-a-mentor"
"110","U01CP48A8NT","U01CRKKRPAS","1603797783.015400","ask-a-mentor"
"111","U01CRKKRPAS","U01CP48A8NT","1603798188.015500","ask-a-mentor"
"112","U01DTHU50RE","U01CRKKRPAS","1603798483.017500","ask-a-mentor"
"113","U01DB9MEHTP","U01CRKKRPAS","1603825560.018300","ask-a-mentor"
"114","U01CRKKRPAS","U01DB9MEHTP","1603829331.018400","ask-a-mentor"
"115","U01CRKKRPAS","U01D8CCQWCA","1603870885.027700","ask-a-mentor"
"116","U01D0BAHR7X","U01CRKKRPAS","1603871115.031800","ask-a-mentor"
"117","U01CRKKRPAS","U01D0BAHR7X","1603871258.031900","ask-a-mentor"
"118","U01D0BAHR7X","U01CRKKRPAS","1603871304.032100","ask-a-mentor"
"119","U01D0BAHR7X","U01CRKKRPAS","1603903912.032700","ask-a-mentor"
"120","U01DB341212","U01CRKKRPAS","1603913215.038400","ask-a-mentor"
"121","U01DB341212","U01CRKKRPAS","1604600019.010800","ask-a-mentor"
"122","U01CRKKRPAS","U01DB341212","1604658941.010900","ask-a-mentor"
"123","U01CRKKRPAS","U01DB341212","1604659180.011100","ask-a-mentor"
"124","U01CRKKRPAS","U01ECRPS1S4","1604659180.011100","ask-a-mentor"
"125","U01DB341212","U01CRKKRPAS","1604687969.012200","ask-a-mentor"
"126","U01D0LHNDQV","U01CRKKRPAS","1603359715.004900","ask-team-o17"
"127","U01CRKKRPAS","U01D0LHNDQV","1603360532.007500","ask-team-o17"
"128","U01D0LHNDQV","U01CRKKRPAS","1603360736.009400","ask-team-o17"
"129","U01CRKKRPAS","U01D0LHNDQV","1603361846.018700","ask-team-o17"
"130","U01D0LHNDQV","U01CRKKRPAS","1603362046.019200","ask-team-o17"
"131","U01CRKKRPAS","U01D0LHNDQV","1603362883.019600","ask-team-o17"
"132","U01D0LHNDQV","U01CRKKRPAS","1603363480.019800","ask-team-o17"
"133","U01D9K9KE3W","U01CRKKRPAS","1603378590.022600","ask-team-o17"
"134","U01D9K9KE3W","U01CRKKRPAS","1603794061.001400","ask-team-o17"
"135","U01CRKKRPAS","U01D9K9KE3W","1603794410.002700","ask-team-o17"
"136","U01CRKKRPAS","U01DTA67SU8","1603794410.002700","ask-team-o17"
"137","U01CRKKRPAS","U01D0LHNDQV","1604154701.000100","ask-team-o17"
"138","U01D0LHNDQV","U01CRKKRPAS","1604160993.001200","ask-team-o17"
"139","U01DYP4PB7A","U01CRKKRPAS","1604432982.009600","ask-team-o17"
"140","U01CRKKRPAS","U01CXLVJMRD","1604439903.009700","ask-team-o17"
"141","U01DYP4PB7A","U01CRKKRPAS","1604471330.009900","ask-team-o17"
"142","U01D0H609K7","U01CRKKRPAS","1604478187.012600","ask-team-o17"
"143","U01DTHU50RE","U01CRKKRPAS","1604479200.017900","ask-team-o17"
"144","U01D45T9LUB","U01CRKKRPAS","1605385367.001400","ask-team-o17"
"145","U01CRKKRPAS","U01CZNGDK4J","1603362683.002400","crowdsourcing-citizenscience"
"146","U01CRKKRPAS","U01D0BAHR7X","1603350949.003800","introductions"
"147","U01D0BAHR7X","U01CRKKRPAS","1603350979.004100","introductions"
"148","U01D0BAHR7X","U01CRKKRPAS","1603351138.005500","introductions"
"149","U01CRKKRPAS","channel","1603355559.009100","introductions"
"150","U01D3MR3E4T","U01D3Q06135","1603358219.021400","introductions"
"151","U01CWPSRRFY","U01D3FWKESW","1603358563.024700","introductions"
"152","U01D3Q06135","U01D3MR3E4T","1603358907.027400","introductions"
"153","U01CRKKRPAS","U01D3MR3E4T","1603360642.035100","introductions"
"154","U01D45T9LUB","U01D0T9DUKF","1603366723.041100","introductions"
"155","U01D0T9DUKF","U01D45T9LUB","1603367185.044000","introductions"
"156","U01D9K9KE3W","U01DTA67SU8","1603376270.050000","introductions"
"157","U01DGEXNXSM","U01D0H609K7","1603384621.052800","introductions"
"158","U01DB341212","U01DGEXNXSM","1603386602.056800","introductions"
"159","U01DB341212","U01D0H609K7","1603386602.056800","introductions"
"160","U01CRKKRPAS","channel","1603431255.003500","introductions"
"161","U01D2ER0VFF","U01D19UEZPX","1603434032.011100","introductions"
"162","U01D2ER0VFF","U01DCFTH0PN","1603434032.011100","introductions"
"163","U01DCFTH0PN","U01D19UEZPX","1603434550.017600","introductions"
"164","U01DCFTH0PN","U01D2ER0VFF","1603434550.017600","introductions"
"165","U01D19UEZPX","U01D2ER0VFF","1603441814.023000","introductions"
"166","U01D19UEZPX","U01DCFTH0PN","1603441814.023000","introductions"
"167","U01DYP4PB7A","U01CXLVJMRD","1603742487.002900","introductions"
"168","U01DCMNTPHS","U01CZRPQLJJ","1603811184.005100","introductions"
"169","U01CRKKRPAS","U01CRKKRPAS","1604226473.000400","sdginprogress-troubleshoot"
"170","U01D45T9LUB","U01D0T9DUKF","1603559555.000800","step1-team-formation"
"171","U01D45T9LUB","U01D45T9LUB","1603559555.000800","step1-team-formation"
"172","U01D45T9LUB","U01D0T9DUKF","1603559555.000800","step1-team-formation"
"173","U01DYP4PB7A","U01CRKKRPAS","1603809844.002200","step1-team-formation"
"174","U01CRKKRPAS","U01D0T9DUKF","1607470148.001400","step1-team-formation"
"175","U01D3Q06135","U01CRKKRPAS","1608193270.000300","step1-team-formation"
"176","U01D2ER0VFF","U01DWMPAEMA","1604499211.002900","team_ecolution"
"177","U01DWMPAEMA","channel","1604499224.003200","team_ecolution"
"178","U01D2ER0VFF","U01DWMPAEMA","1604499243.003600","team_ecolution"
"179","U01DWMPAEMA","U01CRKKRPAS","1604499497.008100","team_ecolution"
"180","U01CRKKRPAS","U01D2ER0VFF","1604499505.008300","team_ecolution"
"181","U01DWMPAEMA","U01CRKKRPAS","1604499538.009000","team_ecolution"
"182","U01D2ER0VFF","U01CRKKRPAS","1604499555.009300","team_ecolution"
"183","U01D2ER0VFF","U01DWMPAEMA","1604499797.010600","team_ecolution"
"184","U01D2ER0VFF","U01CRKKRPAS","1604935356.001600","team_ecolution"
"185","U01DWMPAEMA","channel","1605531397.001200","team_ecolution"
"186","U01D0H609K7","U01DB341212","1603386422.004400","team-aquatics"
"187","U01CRKKRPAS","here","1603551852.001100","team-aquatics"
"188","U01D0H609K7","U01DB341212","1603556542.002900","team-aquatics"
"189","U01CRKKRPAS","U01D0H609K7","1603556656.005000","team-aquatics"
"190","U01CRKKRPAS","U01DB341212","1603556656.005000","team-aquatics"
"191","U01D0H609K7","U01CRKKRPAS","1603558195.005700","team-aquatics"
"192","U01DB341212","U01D0H609K7","1603615185.000500","team-aquatics"
"193","U01D0H609K7","U01DB341212","1603617802.000400","team-aquatics"
"194","U01CRKKRPAS","here","1603729423.002500","team-aquatics"
"195","U01D0H609K7","U01CRKKRPAS","1603732122.013700","team-aquatics"
"196","U01CRKKRPAS","U01D0H609K7","1603794743.003500","team-aquatics"
"197","U01CRKKRPAS","here","1604227092.001200","team-aquatics"
"198","U01DGEXNXSM","U01CRKKRPAS","1604229081.001500","team-aquatics"
"199","U01D0H609K7","U01DGEXNXSM","1604229129.002700","team-aquatics"
"200","U01DGEXNXSM","U01DCBKSX3K","1604229194.004300","team-aquatics"
"201","U01DGEXNXSM","U01CRKKRPAS","1604229194.004300","team-aquatics"
"202","U01DB341212","U01DCBKSX3K","1604229206.004500","team-aquatics"
"203","U01D0H609K7","U01DCBKSX3K","1604229285.005400","team-aquatics"
"204","U01DGEXNXSM","U01D0H609K7","1604229309.005500","team-aquatics"
"205","U01DGEXNXSM","U01DCBKSX3K","1604229405.006800","team-aquatics"
"206","U01DGEXNXSM","U01CRKKRPAS","1604229405.006800","team-aquatics"
"207","U01DGEXNXSM","U01CRKKRPAS","1604230695.007100","team-aquatics"
"208","U01DGEXNXSM","U01CRKKRPAS","1604233348.009200","team-aquatics"
"209","U01DGEXNXSM","U01CRKKRPAS","1604239625.000500","team-aquatics"
"210","U01DGEXNXSM","U01CRKKRPAS","1604239815.004400","team-aquatics"
"211","U01D0H609K7","U01DGEXNXSM","1604239992.006000","team-aquatics"
"212","U01D0H609K7","U01CRKKRPAS","1604477757.004800","team-aquatics"
"213","U01DB341212","U01CRKKRPAS","1604508326.006600","team-aquatics"
"214","U01DGEXNXSM","U01CRKKRPAS","1604652542.001800","team-aquatics"
"215","U01CRKKRPAS","U01DGEXNXSM","1604657727.003100","team-aquatics"
"216","U01CRKKRPAS","U01DB341212","1604657727.003100","team-aquatics"
"217","U01CRKKRPAS","U01DB341212","1604658072.007600","team-aquatics"
"218","U01DB341212","U01CRKKRPAS","1604689399.024600","team-aquatics"
"219","U01DGEXNXSM","U01CRKKRPAS","1605023964.001400","team-aquatics"
"220","U01DB341212","U01CRKKRPAS","1605175735.004000","team-aquatics"
"221","U01CRKKRPAS","U01DB341212","1605183650.004100","team-aquatics"
"222","U01DGEXNXSM","U01CRKKRPAS","1605295422.002000","team-aquatics"
"223","U01DGEXNXSM","U01CRKKRPAS","1605295643.006900","team-aquatics"
"224","U01CRKKRPAS","U01DGEXNXSM","1605298267.007300","team-aquatics"
"225","U01DB341212","U01CRKKRPAS","1605488813.003600","team-aquatics"
"226","U01DB341212","U01DCBKSX3K","1605488813.003600","team-aquatics"
"227","U01CRKKRPAS","U01DB341212","1605490765.004000","team-aquatics"
"228","U01DB341212","U01CRKKRPAS","1605510060.004800","team-aquatics"
"229","U01DCBKSX3K","U01DB341212","1605524607.005600","team-aquatics"
"230","U01DB341212","U01DCBKSX3K","1605525087.007400","team-aquatics"
"231","U01CRKKRPAS","U01DB341212","1605526989.008600","team-aquatics"
"232","U01CRKKRPAS","U01DCBKSX3K","1605526989.008600","team-aquatics"
"233","U01DB341212","U01CRKKRPAS","1605527130.009900","team-aquatics"
"234","U01DB341212","U01DCBKSX3K","1605527130.009900","team-aquatics"
"235","U01CRKKRPAS","U01DCBKSX3K","1605530226.010500","team-aquatics"
"236","U01DGEXNXSM","U01DCBKSX3K","1605546960.014500","team-aquatics"
"237","U01DGEXNXSM","U01CRKKRPAS","1605546960.014500","team-aquatics"
"238","U01DB341212","U01D0H609K7","1605549311.015900","team-aquatics"
"239","U01DB341212","U01D0H609K7","1605554027.017800","team-aquatics"
"240","U01D0H609K7","U01DB341212","1605556915.018100","team-aquatics"
"241","U01D0H609K7","U01DGEXNXSM","1605625254.018900","team-aquatics"
"242","U01DB341212","U01D0H609K7","1605633948.021800","team-aquatics"
"243","U01DB341212","U01CRKKRPAS","1605662972.037800","team-aquatics"
"244","U01DGEXNXSM","U01DCBKSX3K","1607014319.002400","team-aquatics"
"245","U01DGEXNXSM","U01CRKKRPAS","1607014319.002400","team-aquatics"
"246","U01D0BAHR7X","U01CRKKRPAS","1604314592.001600","team-collaborativewatermonitoring"
"247","U01D0BAHR7X","U01ECRPS1S4","1604314592.001600","team-collaborativewatermonitoring"
"248","U01CRKKRPAS","U01CT0ZAS2J","1604348244.003000","team-collaborativewatermonitoring"
"249","U01D0BAHR7X","U01CRKKRPAS","1604438634.004000","team-collaborativewatermonitoring"
"250","U01D0BAHR7X","U01DPHUPUM6","1604438634.004000","team-collaborativewatermonitoring"
"251","U01D0BAHR7X","U01CRKKRPAS","1605481288.005800","team-collaborativewatermonitoring"
"252","U01CRKKRPAS","U01D0BAHR7X","1605490733.006200","team-collaborativewatermonitoring"
"253","U01D0BAHR7X","U01CRKKRPAS","1605513103.009900","team-collaborativewatermonitoring"
"254","U01D0BAHR7X","U01CRKKRPAS","1605515191.015300","team-collaborativewatermonitoring"
"255","U01D0BAHR7X","U01CRKKRPAS","1605537126.018600","team-collaborativewatermonitoring"
"256","U01D0BAHR7X","U01CRKKRPAS","1605539968.021000","team-collaborativewatermonitoring"
"257","U01CRKKRPAS","here","1605694995.000400","team-collaborativewatermonitoring"
"258","U01D0BAHR7X","U01CRKKRPAS","1605696875.002000","team-collaborativewatermonitoring"
"259","U01D0BAHR7X","U01DPHUPUM6","1605696936.003300","team-collaborativewatermonitoring"
"260","U01D0BAHR7X","U01CT0ZAS2J","1605696977.004300","team-collaborativewatermonitoring"
"261","U01D3Q06135","U01D3MR3E4T","1603798868.001500","team-dailywater"
"262","U01CRKKRPAS","here","1603816591.001000","team-dailywater"
"263","U01DDMRQWMQ","U01CRKKRPAS","1603835867.001900","team-dailywater"
"264","U01D3MR3E4T","U01CRKKRPAS","1604312983.003000","team-dailywater"
"265","U01D3MR3E4T","U01DPHUPUM6","1604312983.003000","team-dailywater"
"266","U01D3MR3E4T","U01DPHUPUM6","1604920462.001300","team-dailywater"
"267","U01D3MR3E4T","U01CRKKRPAS","1604920462.001300","team-dailywater"
"268","U01CRKKRPAS","U01D3MR3E4T","1604922932.003600","team-dailywater"
"269","U01D3Q06135","U01CRKKRPAS","1604923849.025600","team-dailywater"
"270","U01D3Q06135","U01CRKKRPAS","1604925007.035700","team-dailywater"
"271","U01D3Q06135","U01CRKKRPAS","1604925318.039600","team-dailywater"
"272","U01CRKKRPAS","here","1605695022.000800","team-dailywater"
"273","U01CRKKRPAS","U01CZUK9REX","1604230138.001500","team-fews"
"274","U01CRKKRPAS","U01CZNGBYBU","1604230138.001500","team-fews"
"275","U01DTCMB9CY","U01CRKKRPAS","1604237420.000800","team-fews"
"276","U01DTCMB9CY","U01CZNGBYBU","1604237511.002800","team-fews"
"277","U01DTCMB9CY","U01CZUK9REX","1604237511.002800","team-fews"
"278","U01CRKKRPAS","U01CZUK9REX","1604351358.015900","team-fews"
"279","U01CRKKRPAS","U01DTCMB9CY","1604353353.024600","team-fews"
"280","U01CRKKRPAS","U01DTHU50RE","1605286323.015500","team-fews"
"281","U01CRKKRPAS","here","1605694943.000700","team-fews"
"282","U01DPHUPUM6","U01DQQD64TT","1604565146.001200","team-filsteiner"
"283","U01CRKKRPAS","U01DQQD64TT","1605632958.001000","team-filsteiner"
"284","U01CRKKRPAS","U01D0V6J17Y","1603790425.001800","team-floodfinder"
"285","U01CRKKRPAS","U01D9QMSWDB","1603790425.001800","team-floodfinder"
"286","U01CRKKRPAS","U01D9QMSWDB","1603790425.001800","team-floodfinder"
"287","U01D0V6J17Y","U01CRKKRPAS","1603845510.002700","team-floodfinder"
"288","U01D0V6J17Y","U01CRKKRPAS","1604152664.000700","team-floodfinder"
"289","U01D0V6J17Y","U01CZUK9REX","1604189403.007100","team-floodfinder"
"290","U01D0V6J17Y","U01CRKKRPAS","1604189403.007100","team-floodfinder"
"291","U01CRKKRPAS","U01D0V6J17Y","1604224121.008600","team-floodfinder"
"292","U01CRKKRPAS","U01D0V6J17Y","1604225756.014900","team-floodfinder"
"293","U01D0V6J17Y","U01CRKKRPAS","1604239466.004600","team-floodfinder"
"294","U01D0V6J17Y","U01CRKKRPAS","1604239571.006400","team-floodfinder"
"295","U01D0V6J17Y","U01CRKKRPAS","1604239787.008000","team-floodfinder"
"296","U01CRKKRPAS","U01D0V6J17Y","1604303908.000100","team-floodfinder"
"297","U01D0V6J17Y","U01CRKKRPAS","1604331287.000900","team-floodfinder"
"298","U01D0V6J17Y","U01CRKKRPAS","1604331642.001100","team-floodfinder"
"299","U01D0V6J17Y","U01CZUK9REX","1604332512.007200","team-floodfinder"
"300","U01CRKKRPAS","U01D0V6J17Y","1604333099.008900","team-floodfinder"
"301","U01D0V6J17Y","U01CRKKRPAS","1604333547.014300","team-floodfinder"
"302","U01CRKKRPAS","U01CZUK9REX","1604349995.016800","team-floodfinder"
"303","U01D0V6J17Y","U01CRKKRPAS","1604464338.018900","team-floodfinder"
"304","U01D0V6J17Y","U01CZUK9REX","1604464338.018900","team-floodfinder"
"305","U01D0V6J17Y","U01CRKKRPAS","1604855175.020400","team-floodfinder"
"306","U01D0V6J17Y","U01CZUK9REX","1604855175.020400","team-floodfinder"
"307","U01CRKKRPAS","U01D0V6J17Y","1604973933.004600","team-floodfinder"
"308","U01D0V6J17Y","U01CRKKRPAS","1604974208.007600","team-floodfinder"
"309","U01D0V6J17Y","U01CZUK9REX","1605278667.000900","team-floodfinder"
"310","U01D0V6J17Y","U01CRKKRPAS","1605278667.000900","team-floodfinder"
"311","U01CRKKRPAS","U01D0V6J17Y","1605278802.001400","team-floodfinder"
"312","U01D0V6J17Y","U01CRKKRPAS","1605280766.001700","team-floodfinder"
"313","U01CRKKRPAS","U01CZUK9REX","1605286864.001900","team-floodfinder"
"314","U01CRKKRPAS","U01D0V6J17Y","1605491101.001200","team-floodfinder"
"315","U01D0V6J17Y","U01CRKKRPAS","1605568366.003100","team-floodfinder"
"316","U01D0V6J17Y","U01CZUK9REX","1605568366.003100","team-floodfinder"
"317","U01CRKKRPAS","U01D0V6J17Y","1605611491.004100","team-floodfinder"
"318","U01CRKKRPAS","here","1605695035.000300","team-floodfinder"
"319","U01D0V6J17Y","U01CRKKRPAS","1605700912.001200","team-floodfinder"
"320","U01D0V6J17Y","U01CRKKRPAS","1605759177.008300","team-floodfinder"
"321","U01D0V6J17Y","U01CZUK9REX","1605759177.008300","team-floodfinder"
"322","U01D5U28EMB","U01CRKKRPAS","1604243990.005300","team-garudasavior"
"323","U01D5U28EMB","U01DCBKSX3K","1604243990.005300","team-garudasavior"
"324","U01CRKKRPAS","U01D5U28EMB","1604244456.009000","team-garudasavior"
"325","U01DAU73TS7","U01CRKKRPAS","1604415490.010200","team-garudasavior"
"326","U01DAU73TS7","U01DCBKSX3K","1604415490.010200","team-garudasavior"
"327","U01D5U28EMB","U01CRKKRPAS","1604724940.002800","team-garudasavior"
"328","U01D5U28EMB","U01DCBKSX3K","1604724940.002800","team-garudasavior"
"329","U01D5U28EMB","U01CRKKRPAS","1604948802.000100","team-garudasavior"
"330","U01D5U28EMB","U01DCBKSX3K","1604948802.000100","team-garudasavior"
"331","U01CRKKRPAS","U01D5U28EMB","1604973163.013400","team-garudasavior"
"332","U01D5U28EMB","U01CRKKRPAS","1605018376.018100","team-garudasavior"
"333","U01CRKKRPAS","U01D5U28EMB","1605019206.029800","team-garudasavior"
"334","U01CRKKRPAS","here","1605523970.000400","team-garudasavior"
"335","U01D85RH0RL","U01CRKKRPAS","1605529843.001800","team-garudasavior"
"336","U01D5U28EMB","U01CRKKRPAS","1605625093.003200","team-garudasavior"
"337","U01D5U28EMB","U01DCBKSX3K","1605625093.003200","team-garudasavior"
"338","U01CRKKRPAS","here","1605695548.004500","team-garudasavior"
"339","U01CP48A8NT","U01CT0ZAS2J","1604974793.006000","team-mnl"
"340","U01CRKKRPAS","U01CP48A8NT","1604975377.010200","team-mnl"
"341","U01CP48A8NT","U01CRKKRPAS","1605102095.014000","team-mnl"
"342","U01CP48A8NT","U01DPHUPUM6","1605102095.014000","team-mnl"
"343","U01D3MSU9HR","U01CT0ZAS2J","1605181173.000100","team-mnl"
"344","U01CRKKRPAS","here","1605695066.000200","team-mnl"
"345","U01D3MSU9HR","U01CRKKRPAS","1605703317.002300","team-mnl"
"346","U01D3MSU9HR","U01CT0ZAS2J","1605794900.013400","team-mnl"
"347","U01D0LHNDQV","U01CZUK9REX","1604213140.022900","team-potamoi"
"348","U01D0LHNDQV","U01CRKKRPAS","1604213140.022900","team-potamoi"
"349","U01D0LHNDQV","U01CT0ZAS2J","1604213140.022900","team-potamoi"
"350","U01CT0ZAS2J","U01D0LHNDQV","1604228101.030100","team-potamoi"
"351","U01D0LHNDQV","U01CZUK9REX","1604228996.034400","team-potamoi"
"352","U01CT0ZAS2J","U01CZUK9REX","1604232503.037500","team-potamoi"
"353","U01D0LHNDQV","U01CT0ZAS2J","1604526511.002200","team-potamoi"
"354","U01D0LHNDQV","U01CZUK9REX","1604526511.002200","team-potamoi"
"355","U01D0LHNDQV","U01CT0ZAS2J","1604866308.007000","team-potamoi"
"356","U01D0LHNDQV","U01CZUK9REX","1604866308.007000","team-potamoi"
"357","U01DPHUPUM6","U01D0LHNDQV","1604917620.002600","team-potamoi"
"358","U01D0LHNDQV","U01DPHUPUM6","1604918247.006300","team-potamoi"
"359","U01DPHUPUM6","U01D0LHNDQV","1604937097.008800","team-potamoi"
"360","U01CRKKRPAS","U01DPHUPUM6","1605090933.030400","team-potamoi"
"361","U01CRKKRPAS","here","1605695086.000400","team-potamoi"
"362","U01D0LHNDQV","U01CT0ZAS2J","1606386607.001200","team-potamoi"
"363","U01D0LHNDQV","U01CRKKRPAS","1606386607.001200","team-potamoi"
"364","U01CRKKRPAS","U01D8CCQWCA","1603618585.001900","team-rainwater-collection"
"365","U01D8CCQWCA","U01CRKKRPAS","1603658576.000100","team-rainwater-collection"
"366","U01DDFNJ93N","U01CRKKRPAS","1604999852.003300","team-rainwater-collection"
"367","U01CRKKRPAS","U01DDFNJ93N","1605003014.004300","team-rainwater-collection"
"368","U01DDFNJ93N","U01CRKKRPAS","1605088810.002700","team-rainwater-collection"
"369","U01CRKKRPAS","here","1605695114.000500","team-rainwater-collection"
"370","U01DDFNJ93N","U01CRKKRPAS","1605695204.001200","team-rainwater-collection"
"371","U01DCMNTPHS","U01CRKKRPAS","1604422344.004000","team-rainwaterharvesting"
"372","U01DCMNTPHS","U01ECRPS1S4","1604422344.004000","team-rainwaterharvesting"
"373","U01CZRPQLJJ","U01CRKKRPAS","1605030303.002500","team-rainwaterharvesting"
"374","U01CZRPQLJJ","U01ECRPS1S4","1605030303.002500","team-rainwaterharvesting"
"375","U01CZRPQLJJ","U01CRKKRPAS","1605644568.000600","team-rainwaterharvesting"
"376","U01CZRPQLJJ","U01ECRPS1S4","1605644568.000600","team-rainwaterharvesting"
"377","U01CRKKRPAS","here","1605695331.001200","team-rainwaterharvesting"
"378","U01DYP4PB7A","U01CRKKRPAS","1603820829.001000","team-safeskye"
"379","U01DYP4PB7A","U01CRKKRPAS","1604231720.001000","team-safeskye"
"380","U01CRKKRPAS","U01DYP4PB7A","1604232281.001400","team-safeskye"
"381","U01CRKKRPAS","U01DW7PF3PW","1604232281.001400","team-safeskye"
"382","U01DYP4PB7A","U01DW7PF3PW","1604331994.000500","team-safeskye"
"383","U01DW7PF3PW","U01DYP4PB7A","1604416262.000300","team-safeskye"
"384","U01DYP4PB7A","U01DW7PF3PW","1604416671.002100","team-safeskye"
"385","U01DYP4PB7A","U01DW7PF3PW","1604432731.003600","team-safeskye"
"386","U01CRKKRPAS","U01D397D5DL","1603789201.001000","team-safewaterforhomeless"
"387","U01D397D5DL","U01DW7PF3PW","1604309903.001000","team-safewaterforhomeless"
"388","U01D397D5DL","U01CZNGBYBU","1604309903.001000","team-safewaterforhomeless"
"389","U01CRKKRPAS","U01D397D5DL","1604311241.007400","team-safewaterforhomeless"
"390","U01D397D5DL","U01CRKKRPAS","1604325932.008000","team-safewaterforhomeless"
"391","U01DW7ULJC9","U01CT0ZAS2J","1604344013.000600","team-thousand-waters"
"392","U01DW7ULJC9","U01CRKKRPAS","1604344013.000600","team-thousand-waters"
"393","U01DW7ULJC9","U01CT0ZAS2J","1604346913.002600","team-thousand-waters"
"394","U01CRKKRPAS","U01DW7ULJC9","1604349719.005300","team-thousand-waters"
"395","U01DPHUPUM6","U01DW7ULJC9","1604918370.002000","team-thousand-waters"
"396","U01DPHUPUM6","U01E3TPUC68","1604918370.002000","team-thousand-waters"
"397","U01DPHUPUM6","U01E3TPUC68","1604934016.003600","team-thousand-waters"
"398","U01E3TPUC68","U01DPHUPUM6","1604934719.007200","team-thousand-waters"
"399","U01E3TPUC68","U01DW7ULJC9","1604934719.007200","team-thousand-waters"
"400","U01E3TPUC68","U01DPHUPUM6","1604935165.007500","team-thousand-waters"
"401","U01DPHUPUM6","U01E3TPUC68","1604937001.008400","team-thousand-waters"
"402","U01CRKKRPAS","U01CZNGBYBU","1605185431.000200","team-thousand-waters"
"403","U01CRKKRPAS","here","1605695353.000500","team-thousand-waters"
"404","U01D9K9KE3W","U01CRKKRPAS","1603601459.001700","team-toseetocare"
"405","U01CRKKRPAS","U01D9K9KE3W","1603616300.001000","team-toseetocare"
"406","U01CRKKRPAS","here","1605168656.002400","team-toseetocare"
"407","U01D9K9KE3W","U01CRKKRPAS","1605366865.001500","team-toseetocare"
"408","U01D9K9KE3W","U01CRKKRPAS","1605599079.001300","team-toseetocare"
"409","U01D9K9KE3W","U01DPHUPUM6","1605599079.001300","team-toseetocare"
"410","U01CRKKRPAS","U01D9K9KE3W","1605600090.002100","team-toseetocare"
"411","U01CRKKRPAS","here","1605633072.003100","team-toseetocare"
"412","U01CRKKRPAS","here","1605695373.001300","team-toseetocare"
"413","U01D45T9LUB","U01D0T9DUKF","1603529017.002600","team-wotter"
"414","U01D0T9DUKF","U01D45T9LUB","1603644932.003000","team-wotter"
"415","U01D45T9LUB","U01DDFNJ93N","1603697333.003200","team-wotter"
"416","U01CRKKRPAS","U01D45T9LUB","1603726797.007000","team-wotter"
"417","U01D45T9LUB","U01CRKKRPAS","1603727312.016900","team-wotter"
"418","U01CRKKRPAS","U01D45T9LUB","1603728475.019600","team-wotter"
"419","U01D45T9LUB","U01CRKKRPAS","1603791576.000400","team-wotter"
"420","U01D45T9LUB","U01CRKKRPAS","1603834587.003000","team-wotter"
"421","U01D45T9LUB","U01CRKKRPAS","1604347649.009900","team-wotter"
"422","U01D45T9LUB","U01D0T9DUKF","1604347649.009900","team-wotter"
"423","U01D45T9LUB","U01CZNGBYBU","1604347649.009900","team-wotter"
"424","U01D45T9LUB","U01CRKKRPAS","1604347649.009900","team-wotter"
"425","U01D45T9LUB","U01CRKKRPAS","1604347720.011700","team-wotter"
"426","U01D45T9LUB","U01CZNGBYBU","1604347720.011700","team-wotter"
"427","U01D45T9LUB","U01CRKKRPAS","1604413608.002400","team-wotter"
"428","U01D45T9LUB","U01CZNGBYBU","1604413608.002400","team-wotter"
"429","U01CRKKRPAS","U01D45T9LUB","1604416046.006000","team-wotter"
"430","U01CRKKRPAS","U01D0T9DUKF","1604416046.006000","team-wotter"
"431","U01D45T9LUB","U01CRKKRPAS","1604416529.008700","team-wotter"
"432","U01CRKKRPAS","U01D45T9LUB","1604416876.008800","team-wotter"
"433","U01CRKKRPAS","U01D0T9DUKF","1604492953.003900","team-wotter"
"434","U01CRKKRPAS","U01D45T9LUB","1604492953.003900","team-wotter"
"435","U01D0T9DUKF","U01CRKKRPAS","1604493110.004300","team-wotter"
"436","U01D0T9DUKF","U01CRKKRPAS","1604647072.000600","team-wotter"
"437","U01CRKKRPAS","U01D0T9DUKF","1604658173.001800","team-wotter"
"438","U01D45T9LUB","U01CRKKRPAS","1604664936.003500","team-wotter"
"439","U01D45T9LUB","U01CRKKRPAS","1604818616.003300","team-wotter"
"440","U01CRKKRPAS","here","1605005795.006400","team-wotter"
"441","U01D45T9LUB","U01CRKKRPAS","1605008466.006500","team-wotter"
"442","U01D45T9LUB","U01CRKKRPAS","1605008590.009500","team-wotter"
"443","U01D45T9LUB","U01CRKKRPAS","1605008694.010600","team-wotter"
"444","U01D45T9LUB","U01CRKKRPAS","1605096141.000300","team-wotter"
"445","U01DW7PF3PW","U01D0T9DUKF","1605103969.001300","team-wotter"
"446","U01D45T9LUB","U01DW7PF3PW","1605110264.008300","team-wotter"
"447","U01DW7PF3PW","U01D45T9LUB","1605215520.002900","team-wotter"
"448","U01D45T9LUB","U01DW7PF3PW","1605245540.005500","team-wotter"
"449","U01D45T9LUB","U01DWMPAEMA","1605245788.010200","team-wotter"
"450","U01DWMPAEMA","U01D45T9LUB","1605261220.000300","team-wotter"
"451","U01D0T9DUKF","U01CRKKRPAS","1605336331.001400","team-wotter"
"452","U01CRKKRPAS","U01D0T9DUKF","1605340850.001900","team-wotter"
"453","U01D45T9LUB","U01DWMPAEMA","1605341692.004700","team-wotter"
"454","U01DWMPAEMA","channel","1605531305.001800","team-wotter"
"455","U01D45T9LUB","U01DCBKGS01","1605538100.001900","team-wotter"
"456","U01D45T9LUB","U01CRKKRPAS","1605648391.003700","team-wotter"
"457","U01D45T9LUB","U01DWMPAEMA","1605648391.003700","team-wotter"
"458","U01D45T9LUB","U01DW7PF3PW","1605648391.003700","team-wotter"
"459","U01D45T9LUB","U01DW7PF3PW","1605690352.003600","team-wotter"
"460","U01DWMPAEMA","U01D45T9LUB","1605693341.009600","team-wotter"
"461","U01DWMPAEMA","U01D0T9DUKF","1605693341.009600","team-wotter"
"462","U01DWMPAEMA","U01DW7PF3PW","1605693341.009600","team-wotter"
"463","U01D45T9LUB","U01DWMPAEMA","1605694489.013200","team-wotter"
"464","U01D45T9LUB","U01DW7PF3PW","1605694489.013200","team-wotter"
"465","U01D45T9LUB","U01CRKKRPAS","1605694489.013200","team-wotter"
"466","U01CRKKRPAS","here","1605694737.013900","team-wotter"
"467","U01D45T9LUB","U01CRKKRPAS","1605695314.014300","team-wotter"
"468","U01CRKKRPAS","U01DXJALY9E","1604301054.001100","teamfloodmaps"
"469","U01CRKKRPAS","U01DPHUPUM6","1604301054.001100","teamfloodmaps"
"470","U01CRKKRPAS","here","1605523946.000600","teamfloodmaps"
"471","U01CRKKRPAS","here","1605634729.004300","teamfloodmaps"
"472","U01CRKKRPAS","here","1605695397.001300","teamfloodmaps"
"473","U01DBV0QWTX","U01CT0ZAS2J","1604671896.006700","warbon-footprint"
"474","U01DBV0QWTX","U01CT0ZAS2J","1604675155.016100","warbon-footprint"
"475","U01CT0ZAS2J","U01CRKKRPAS","1604675669.017400","warbon-footprint"
"476","U01CRKKRPAS","U01DBV0QWTX","1604974034.000100","warbon-footprint"
"477","U01DBV0QWTX","U01CT0ZAS2J","1605183419.000600","warbon-footprint"
"478","U01DBV0QWTX","U01D9NTEZQU","1605183419.000600","warbon-footprint"
"479","U01DBV0QWTX","U01CT0ZAS2J","1605278354.000400","warbon-footprint"
"480","U01DBV0QWTX","U01D9NTEZQU","1605278354.000400","warbon-footprint"
"481","U01CRKKRPAS","here","1605633091.000300","warbon-footprint"
"482","U01CRKKRPAS","here","1605695410.000400","warbon-footprint"
"483","U01DBV0QWTX","U01D9NTEZQU","1605709003.002100","warbon-footprint"
"484","U01DBV0QWTX","U01CT0ZAS2J","1605709003.002100","warbon-footprint"
"485","U01DBV0QWTX","U01CRKKRPAS","1605709003.002100","warbon-footprint"
